"Main Api Ranjhan Hoyi",,Rs.500,9789695173329,"Nighat Seema","Ali Mian Publications","NOVELS / URDU NOVELS / SHORT STORIES",STP-1793,"In Stock",255,images/9789695173329.jpg,https://www.linkshop.pk/all-books/main-api-ranjhan-hoyi
"Ban Pakhi - بن پاکھی",,Rs.600,9789696023930,"Farah Bukhari","Ali Mian Publications","NOVELS / URDU NOVELS / NOVELS",STP-1792,"In Stock",239,images/9789696023930.jpg,https://www.linkshop.pk/all-books/ban-pakhi
"Hasil Dua Tum Ho",,Rs.300,9789695173831,"Zumar Naeem","Ali Mian Publications","NOVELS / URDU NOVELS / NOVELS",STP-1791,"In Stock",158,images/9789695173831.jpg,https://www.linkshop.pk/all-books/hasil-dua-tum-ho
"Swanah Hyder Ali Sultan",,Rs.500,,,"7th Sky Publications","NOVELS / URDU NOVELS / BIOGRAPHY",STP-1790,"In Stock",256,"images/Swanah Hyder Ali Sultan.jpg",https://www.linkshop.pk/all-books/swanah-hyder-ali-sultan
"Islam aur Asr-e Hazir",,Rs.700,9693518357,"Prof. Ahmad Rafique Akhtar","Sang-e-Meel Publications","NOVELS / URDU NOVELS / SUFISM",STP-1788,"In Stock",309,images/9693518357.jpg,https://www.linkshop.pk/all-books/islam-aur-asr-e-hazir
"Ahmad Shah Abdali - احمد شاہ ابدالی",,Rs.700,,,"7th Sky Publications","NOVELS / URDU NOVELS / BIOGRAPHY",STP-1787,"In Stock",400,"images/Ahmad Shah Abdali - احمد شاہ ابدالی.jpg",https://www.linkshop.pk/all-books/ahmad-shah-abdali
"Gul e Kohsar - گل کہسار",,Rs.500,9789696023814,"Farah Bukhari","Al Quraish Publications","NOVELS / URDU NOVELS / NOVELS",STP-1786,"In Stock",207,images/9789696023814.jpg,https://www.linkshop.pk/all-books/gul-e-kohsar
Saman-e-Wajood,,Rs.500,9693509366,"Bano Qudsia","Sang-e-Meel Publications","NOVELS / URDU NOVELS / SHORT STORIES",STP-1785,"In Stock",206,images/9693509366.jpg,https://www.linkshop.pk/all-books/saman-e-wajood
"Pinjray Mein Parwaaz",,Rs.600,9693531183,"Riffat Hadia","Sang-e-Meel Publications","NOVELS / URDU NOVELS / NOVELS",STP-1784,"In Stock",118,images/9693531183.jpg,https://www.linkshop.pk/all-books/pinjray-mein-parwaaz
"Hasrat-e-Tameer (Talqeen Shah)",,Rs.900,9693512073,"Ashfaq Ahmad","Sang-e-Meel Publications","NOVELS / URDU NOVELS / DRAMA",STP-1783,"In Stock",357,images/9693512073.jpg,https://www.linkshop.pk/all-books/hasrat-e-tameer
"Dhindora  (Talqeen Shah)",,Rs.700,9693516281,"Ashfaq Ahmad","Sang-e-Meel Publications","NOVELS / URDU NOVELS / DRAMA",STP-1782,"In Stock",328,images/9693516281.jpg,https://www.linkshop.pk/all-books/dhindora
"Guldaan (Talqeen Shah)",,Rs.700,9693512065,"Ashfaq Ahmad","Sang-e-Meel Publications","NOVELS / URDU NOVELS / DRAMA",STP-1781,"In Stock",328,images/9693512065.jpg,https://www.linkshop.pk/all-books/guldaan
"Jang Bajang (Talqeen Shah)",,Rs.700,9693512057,"Ashfaq Ahmad","Sang-e-Meel Publications","NOVELS / URDU NOVELS / DRAMA",STP-1780,"In Stock",302,images/9693512057.jpg,https://www.linkshop.pk/all-books/jang-bajang
"Shahla Koat - شاہلا کوٹ",,Rs.400,9693512413,"Ashfaq Ahmad","Sang-e-Meel Publications","NOVELS / URDU NOVELS / DRAMA",STP-1779,"In Stock",288,images/9693512413.jpg,https://www.linkshop.pk/all-books/shahla-koat
"Abhi Jaan Baqi Hay",,Rs.600,,"Changez Raja","Ilm-o-Irfan Publishers","NOVELS / URDU NOVELS / NOVELS",STP-1778,"In Stock",223,"images/Abhi Jaan Baqi Hay.jpg",https://www.linkshop.pk/all-books/abhi-jaan-baqi-hay
"Dheenga Mushti (Talqeen Shah)",,Rs.700,969351646X,"Ashfaq Ahmad","Sang-e-Meel Publications","NOVELS / URDU NOVELS / DRAMA",STP-1777,"In Stock",335,images/969351646X.jpg,https://www.linkshop.pk/all-books/dheenga-mushti
"Shora Shori (Talqeen Shah)",,Rs.700,9693516680,"Ashfaq Ahmad","Sang-e-Meel Publications","NOVELS / URDU NOVELS / DRAMA",STP-1776,"In Stock",445,images/9693516680.jpg,https://www.linkshop.pk/all-books/shora-shori
"Shahab Ud Din Ghori - شہاب الدین غوری",,Rs.600,,"Raees Ahmad Jafri","7th Sky Publications","NOVELS / URDU NOVELS / NOVELS",STP-1775,"In Stock",352,"images/Shahab Ud Din Ghori - شہاب الدین غوری.jpg",https://www.linkshop.pk/all-books/shahab-ud-din-ghori
"Halaku Khan - ہلاکو خان",,Rs.700,,,"7th Sky Publications","NOVELS / URDU NOVELS / NOVELS",STP-1774,"In Stock",352,"images/Halaku Khan - ہلاکو خان.jpg",https://www.linkshop.pk/all-books/halaku-khan
"Uchay Burj Lahore Day - اچے برج لاہور دے",,"Rs.1,800",9693516370,"Ashfaq Ahmad","Sang-e-Meel Publications","NOVELS / URDU NOVELS / DRAMA",STP-1773,"In Stock",728,images/9693516370.jpg,https://www.linkshop.pk/all-books/uchay-burj-lahore-day
"Jame Tareekh-e-Hind - جامع تاریخ ہند",,"Rs.1,200",,,"Kitab Mela","NOVELS / URDU NOVELS / HISTORY BOOKS",STP-1772,"In Stock",800,"images/Jame Tareekh-e-Hind - جامع تاریخ ہند.jpg",https://www.linkshop.pk/all-books/jame-tareekh-e-hind
"Ishq Bakhair - عشق بخیر",,Rs.900,9693531639,"Rehman Faris","Sang-e-Meel Publications","NOVELS / URDU NOVELS / URDU POETRY",STP-1771,"In Stock",344,images/9693531639.jpg,https://www.linkshop.pk/all-books/ishq-bakhair
"Dil Aik Gulshan",,Rs.300,,"Razia Jameel","Khwaateen Digest","NOVELS / URDU NOVELS / NOVELS",STP-1769,"In Stock",320,"images/Dil Aik Gulshan.jpg",https://www.linkshop.pk/all-books/dil-aik-gulshan
"Badriya Baras Gai Us Paar",,Rs.300,,"Razia Jameel","Khwaateen Digest","NOVELS / URDU NOVELS / NOVELS",STP-1768,"In Stock",256,"images/Badriya Baras Gai Us Paar.jpg",https://www.linkshop.pk/all-books/badriya-baras-gai-us-paar
"Dard Kay Fasly",,Rs.500,,"Razia Jameel","Khwaateen Digest","NOVELS / URDU NOVELS / NOVELS",STP-1770,"In Stock",596,"images/Dard Kay Fasly.jpg",https://www.linkshop.pk/all-books/dard-kay-fasly
"Fasal E Gham Ka Goshwara",,Rs.300,,"Razia Jameel","Khwaateen Digest","NOVELS / URDU NOVELS / NOVELS",STP-1767,"In Stock",272,"images/Fasal E Gham Ka Goshwara.jpg",https://www.linkshop.pk/all-books/fasal-e-gham-ka-goshwara
"Meray Nadeem",,Rs.400,,"Razia Jameel","Khwaateen Digest","NOVELS / URDU NOVELS / NOVELS",STP-1766,"In Stock",272,"images/Meray Nadeem.jpg",https://www.linkshop.pk/all-books/meray-nadeem
"Karon Sajda Ek Khuda Ko",,Rs.400,,"Syeda Ghazal Zaidi","Ilm-o-Irfan Publishers","NOVELS / URDU NOVELS / NOVELS",STP-1765,"In Stock",160,"images/Karon Sajda Ek Khuda Ko.jpg",https://www.linkshop.pk/all-books/karon-sajda-ek-khuda-ko
"Bostan-e-Saadi – بوستان سعدیؒ",,Rs.895,9693520912,"Sheikh Saadi","Sang-e-Meel Publications","NOVELS / URDU NOVELS / URDU ADAB",STP-1764,"In Stock",327,images/9693520912.jpg,https://www.linkshop.pk/all-books/bostan-e-saadi
"Gulistaan-e-Saadi – گلستانِ سعدیؒ",,Rs.795,9693519744,"Sheikh Saadi","Sang-e-Meel Publications","NOVELS / URDU NOVELS / URDU ADAB",STP-1763,"In Stock",284,images/9693519744.jpg,https://www.linkshop.pk/all-books/gulistaan-e-saadi
"Nagri Nagri Phira Musafir By Abubakar Shaikh",,Rs.900,969353426,"Abubakar Shaikh","Sang-e-Meel Publications","NOVELS / URDU NOVELS / TRAVELOGUE (SAFARNAMA)",STP-1762,"In Stock",272,images/969353426.jpg,https://www.linkshop.pk/all-books/nagri-nagri-phira-musafir-by-abubakar-shaikh
"Tarar Nama 6 - 6 تارڑنامہ",,Rs.900,9693531213,"Mustansar Hussain Tarar","Sang-e-Meel Publications","NOVELS / URDU NOVELS / URDU ADAB",STP-1761,"In Stock",380,images/9693531213.jpg,https://www.linkshop.pk/all-books/tarar-nama-6
"Payar Ka Pehla Shehr (Collector's Edition)",,"Rs.2,000",9693529650,"Mustansar Hussain Tarar","Sang-e-Meel Publications","NOVELS / URDU NOVELS / NOVELS",STP-1760,"In Stock",230,images/9693529650.jpg,https://www.linkshop.pk/all-books/payar-ka-pehla-shehr-collector-edition
Anjam-e-Ishq,,Rs.600,,"Fariha Kausar","Ilm-o-Irfan Publishers","NOVELS / URDU NOVELS / NOVELS",STP-1759,"In Stock",272,images/Anjam-e-Ishq.jpg,https://www.linkshop.pk/all-books/anjam-e-ishq
"Duniya Kay Qaidi",,Rs.700,,"Ishtiaq Ahmad","Bachon Ka Kitab Ghar","NOVELS / URDU NOVELS / CHILDREN BOOKS",STP-1758,"In Stock",680,"images/Duniya Kay Qaidi.jpg",https://www.linkshop.pk/all-books/duniya-kay-qaidi
"Tughluq - تغلق",,Rs.600,,"Raees Ahmad Jafri","7th Sky Publications","NOVELS / URDU NOVELS / NOVELS",STP-1757,"In Stock",304,"images/Tughluq - تغلق.jpg",https://www.linkshop.pk/all-books/tughluq
"Sunehri Chatan - سنہری چٹان",,"Rs.1,100",,"Ishtiaq Ahmad","Bachon Ka Kitab Ghar","NOVELS / URDU NOVELS / CHILDREN BOOKS",STP-1756,"In Stock",1152,"images/Sunehri Chatan - سنہری چٹان.jpg",https://www.linkshop.pk/all-books/sunehri-chatan
"Shehr E Ashob - شہر آشوب",,Rs.600,,"Amtal Aziz Shehzad","Ilm-o-Irfan Publishers","NOVELS / URDU NOVELS / NOVELS",STP-1755,"In Stock",272,"images/Shehr E Ashob - شہر آشوب.jpg",https://www.linkshop.pk/all-books/shehr-e-ashob
"Tuzk-e-Taimuri - تزک تیموری",,Rs.300,,"Amir Timur","7th Sky Publications","NOVELS / URDU NOVELS / BIOGRAPHY",STP-1754,"In Stock",160,"images/Tuzk-e-Taimuri - تزک تیموری.jpg",https://www.linkshop.pk/all-books/tuzk-e-taimuri
"Tuzk-e-Babri - تزک بابری",,Rs.600,,"Zaheeruddin Babar","7th Sky Publications","NOVELS / URDU NOVELS / BIOGRAPHY",STP-1753,"In Stock",432,"images/Tuzk-e-Babri - تزک بابری.jpg",https://www.linkshop.pk/all-books/tuzk-e-babri
"Safarnama Ibn-e-Batuta",,Rs.600,,,"7th Sky Publications","NOVELS / URDU NOVELS / TRAVELOGUE (SAFARNAMA)",STP-1752,"In Stock",512,"images/Safarnama Ibn-e-Batuta.jpg",https://www.linkshop.pk/all-books/safarnama-ibn-e-batuta
"Mera Aitbar Rakhna",,Rs.500,,"Quratulain Sikander","Ilm-o-Irfan Publishers","NOVELS / URDU NOVELS / NOVELS",STP-1751,"In Stock",208,"images/Mera Aitbar Rakhna.jpg",https://www.linkshop.pk/all-books/mera-aitbar-rakhna
Gharor-e-Ishq,,Rs.600,,"Fariha Kausar","Ilm-o-Irfan Publishers","NOVELS / URDU NOVELS / NOVELS",STP-1750,"In Stock",288,images/Gharor-e-Ishq.jpg,https://www.linkshop.pk/all-books/gharor-e-ishq
"Deewar-e-Girya Ke Aas Paas (Safarnama Israel)",,"Rs.1,000",,"Kashif Mustafa",Qausain,"NOVELS / URDU NOVELS / TRAVELOGUE (SAFARNAMA)",STP-1749,"In Stock",224,"images/Deewar-e-Girya Ke Aas Paas (Safarnama Israel).jpg",https://www.linkshop.pk/all-books/deewar-e-girya-ke-aas-paas
"Baraf Key Us Paar",,Rs.800,,"Ishtiaq Ahmad","Bachon Ka Kitab Ghar","NOVELS / URDU NOVELS / CHILDREN BOOKS",STP-1748,"In Stock",728,"images/Baraf Key Us Paar.jpg",https://www.linkshop.pk/all-books/baraf-key-us-paar
"Ghar Se Ghar Tak - گھر سے گھر تک",,Rs.400,9693520874,"Ahmad Nadeem Qasmi","Sang-e-Meel Publications","NOVELS / URDU NOVELS / SHORT STORIES",STP-1747,"In Stock",160,images/9693520874.jpg,https://www.linkshop.pk/all-books/ghar-se-ghar-tak
"Talo-o-Gharoob - طلوع و غروب",,Rs.400,9693520602,"Ahmad Nadeem Qasmi","Sang-e-Meel Publications","NOVELS / URDU NOVELS / SHORT STORIES",STP-1746,"In Stock",143,images/9693520602.jpg,https://www.linkshop.pk/all-books/talo-o-gharoob
"Chopal - چوپال",,Rs.400,9693520599,"Ahmad Nadeem Qasmi","Sang-e-Meel Publications","NOVELS / URDU NOVELS / SHORT STORIES",STP-1745,"In Stock",144,images/9693520599.jpg,https://www.linkshop.pk/all-books/chopal
"Mughalia Saltanat Ka Urooj-o-Zawal",,Rs.800,,,"Kitab Mela","NOVELS / URDU NOVELS / HISTORY BOOKS",STP-1744,"In Stock",511,"images/Mughalia Saltanat Ka Urooj-o-Zawal.jpg",https://www.linkshop.pk/all-books/mughalia-saltanat-ka-urooj-o-zawal
"Jekaan Ki Wapsi",,Rs.600,,"Ishtiaq Ahmad","Bachon Ka Kitab Ghar","NOVELS / URDU NOVELS / CHILDREN BOOKS",STP-1743,"In Stock",527,"images/Jekaan Ki Wapsi.jpg",https://www.linkshop.pk/all-books/jekaan-ki-wapsi
"Rim Jhim - رم جھم",,Rs.700,9693523245,"Ahmad Nadeem Qasmi","Sang-e-Meel Publications","NOVELS / URDU NOVELS / URDU POETRY",STP-1742,"In Stock",188,images/9693523245.jpg,https://www.linkshop.pk/all-books/rim-jhim
"Tareekh Sultanate Usmania",,"Rs.1,100",,,"Lahore Book City","NOVELS / URDU NOVELS / HISTORY BOOKS",STP-1741,"In Stock",829,"images/Tareekh Sultanate Usmania.jpg",https://www.linkshop.pk/all-books/tareekh-sultanate-usmania
"Barg e Hina - برگ حنا",,Rs.500,9693520858,"Ahmad Nadeem Qasmi","Sang-e-Meel Publications","NOVELS / URDU NOVELS / SHORT STORIES",STP-1740,"In Stock",159,images/9693520858.jpg,https://www.linkshop.pk/all-books/barg-e-hina
"Aas Paas - آس پاس",,Rs.500,9693520580,"Ahmad Nadeem Qasmi","Sang-e-Meel Publications","NOVELS / URDU NOVELS / SHORT STORIES",STP-1739,"In Stock",112,images/9693520580.jpg,https://www.linkshop.pk/all-books/aas-paas
"Yoda Per Hamla",,Rs.600,,"Ishtiaq Ahmad","Bachon Ka Kitab Ghar","NOVELS / URDU NOVELS / CHILDREN BOOKS",STP-1738,"In Stock",522,"images/Yoda Per Hamla.jpg",https://www.linkshop.pk/all-books/yoda-per-hamla
"Tareekh-e-Tabri - تاریخ طبری",,"Rs.5,200",9789695033008,,"Al-Faisal Publisher","NOVELS / URDU NOVELS / HISTORY BOOKS",STP-1737,"In Stock",5264,images/9789695033008.jpg,https://www.linkshop.pk/all-books/tareekh-e-tabri
"Sanam Se Samad Tak",,Rs.300,9789695173411,"Kaneez Nabvi","Ali Mian Publications","NOVELS / URDU NOVELS / NOVELS",STP-1736,"In Stock",160,images/9789695173411.jpg,https://www.linkshop.pk/all-books/sanam-se-samad-tak
"Haalim - Part 1",,"Rs.1,500",,"Nemra Ahmed","Ilm-o-Irfan Publishers","NOVELS / URDU NOVELS / NOVELS",STP-1735,"In Stock",704,"images/Haalim - Part 1.jpg",https://www.linkshop.pk/all-books/haalim-part-1
"Shikast Ki Fatah",,Rs.600,9789695173909,"Tahir Javaid Mughal","Ali Mian Publications","NOVELS / URDU NOVELS / NOVELS",STP-1734,"In Stock",254,images/9789695173909.jpg,https://www.linkshop.pk/all-books/shikast-ki-fatah
"Raakh Say Likhi Gayi Kitaab",,Rs.600,9693531655,"Nasir Abbas Nayyar","Sang-e-Meel Publications","NOVELS / URDU NOVELS / SHORT STORIES",STP-1733,"In Stock",160,images/9693531655.jpg,https://www.linkshop.pk/all-books/raakh-say-likhi-gayi-kitaab
"Amaya Aur Uski Ajeeb Chahat",,"Rs.1,200",,"Muntaha Arain","Ilm-o-Irfan Publishers","NOVELS / URDU NOVELS / NOVELS",STP-1732,"In Stock",672,"images/Amaya Aur Uski Ajeeb Chahat.jpg",https://www.linkshop.pk/all-books/amaya-aur-uski-ajeeb-chahat
"Mere Humsafar",,Rs.600,,"Ghazala Jalil Rao","Ilm-o-Irfan Publishers","NOVELS / URDU NOVELS / NOVELS",STP-1731,"In Stock",256,"images/Mere Humsafar.jpg",https://www.linkshop.pk/all-books/mere-humsafar
"Wo Jo Hum Rahi Na Tha",,Rs.500,,"Nafeesa Saeed","Ilm-o-Irfan Publishers","NOVELS / URDU NOVELS / NOVELS",STP-1730,"In Stock",192,"images/Wo Jo Hum Rahi Na Tha.jpg",https://www.linkshop.pk/all-books/wo-jo-hum-rahi-na-tha
"Khwahishon Kay Diyar Mein",,"Rs.1,100",9789695173923,"Nighat Seema","Ali Mian Publications","NOVELS / URDU NOVELS / NOVELS",STP-1729,"In Stock",606,images/9789695173923.jpg,https://www.linkshop.pk/all-books/khwahishon-kay-diyar-mein
"Dasht e Junoon - دشت جنوں",,"Rs.1,100",9789695173916,"Amna Riaz","Ali Mian Publications","NOVELS / URDU NOVELS / NOVELS",STP-1728,"In Stock",656,images/9789695173916.jpg,https://www.linkshop.pk/all-books/dasht-e-junoon
"Suhagan - سہاگن",,Rs.700,969351839X,"Salma Kanwal","Sang-e-Meel Publications","NOVELS / URDU NOVELS / NOVELS",STP-1727,"In Stock",400,images/969351839X.jpg,https://www.linkshop.pk/all-books/suhagan
"Mur Aa Kay Mol Na Jayen",,Rs.700,9789695172575,"Shagufta Bhatti","Ali Mian Publications","NOVELS / URDU NOVELS / NOVELS",STP-1726,"In Stock",398,images/9789695172575.jpg,https://www.linkshop.pk/all-books/mur-aa-kay-mol-na-jayen
"Tareekh Adab Urdu - Part 4",,"Rs.2,000",,"Dr. Jameel Jalibi","Majlis-e-Taraqqi-e-Adab, Lahore","NOVELS / URDU NOVELS / URDU ADAB",STP-1725,"In Stock",1626,"images/Tareekh Adab Urdu - Part 4.jpg",https://www.linkshop.pk/all-books/tareekh-adab-urdu-part-4
"Tareekh Adab Urdu - Part 3",,"Rs.1,100",,"Dr. Jameel Jalibi","Majlis-e-Taraqqi-e-Adab, Lahore","NOVELS / URDU NOVELS / URDU ADAB",STP-1724,"In Stock",1092,"images/Tareekh Adab Urdu - Part 3.jpg",https://www.linkshop.pk/all-books/tareekh-adab-urdu-part-3
"Tareekh Adab Urdu - Part 2",,"Rs.1,100",,"Dr. Jameel Jalibi","Majlis-e-Taraqqi-e-Adab, Lahore","NOVELS / URDU NOVELS / URDU ADAB",STP-1723,"In Stock",941,"images/Tareekh Adab Urdu - Part 2.jpg",https://www.linkshop.pk/all-books/tareekh-adab-urdu-part-2
"Tareekh Adab Urdu - Part 1",,Rs.700,,"Dr. Jameel Jalibi","Majlis-e-Taraqqi-e-Adab, Lahore","NOVELS / URDU NOVELS / URDU ADAB",STP-1722,"In Stock",678,"images/Tareekh Adab Urdu - Part 1.jpg",https://www.linkshop.pk/all-books/tareekh-adab-urdu-part-1
"Kulyat e Rashid",,"Rs.1,200",,"Noon Meem Rashid","Mavra Publishers","NOVELS / URDU NOVELS / URDU POETRY",STP-1722,"In Stock",574,"images/Kulyat e Rashid.jpg",https://www.linkshop.pk/all-books/kulyat-e-rashid
"Kuliyat e Patras Bukhari",,Rs.800,,"Patras Bokhari","Kitab Mela","NOVELS / URDU NOVELS / URDU ADAB",STP-1721,"In Stock",704,"images/Kuliyat e Patras Bukhari.jpg",https://www.linkshop.pk/all-books/kuliyat-e-patras-bukhari
"Pareshan Hona Choriye Jeena Sikhyeh",,Rs.400,,"Dale Carnegie","Fiction House Publisher","NOVELS / URDU NOVELS / SELF-MOTIVATION",STP-1720,"In Stock",402,"images/Pareshan Hona Choriye Jeena Sikhyeh.jpg",https://www.linkshop.pk/all-books/pareshan-hona-choriye-jeena-sikhyeh
"Agar Wo Meharban Hota",,Rs.400,,"Umme Maryam","Ilm-o-Irfan Publishers","NOVELS / URDU NOVELS / NOVELS",STP-1719,"In Stock",192,"images/Agar Wo Meharban Hota.jpg",https://www.linkshop.pk/all-books/agar-wo-meharban-hota
"Jaam e Hasrat - جام حسرت",,Rs.600,,"S A Naqvi","Ilm-o-Irfan Publishers","NOVELS / URDU NOVELS / NOVELS",STP-1718,"In Stock",312,"images/Jaam e Hasrat - جام حسرت.jpg",https://www.linkshop.pk/all-books/jaam-e-hasrat
"Gardab - گرداب",,"Rs.2,400",9789696022558,"Asma Qadri","Al Quraish Publications","NOVELS / URDU NOVELS / NOVELS",STP-1717,"In Stock",2400,images/9789696022558.jpg,https://www.linkshop.pk/all-books/gardab
"39 Baray Aadmi",,Rs.300,,"Dale Carnegie","Fiction House Publisher","NOVELS / URDU NOVELS / BIOGRAPHY",STP-1716,"In Stock",208,"images/39 Baray Aadmi.jpg",https://www.linkshop.pk/all-books/39-baray-aadmi
"Jeeton To Tujhe Paon",,Rs.800,,"Sadia Abid","Ilm-o-Irfan Publishers","NOVELS / URDU NOVELS / NOVELS",STP-1715,"In Stock",368,"images/Jeeton To Tujhe Paon.jpg",https://www.linkshop.pk/all-books/jeeton-to-tujhe-paon
"Syed Ul Wara - سیّدالورٰی",,"Rs.2,400",,,"Ilm-o-Irfan Publishers","NOVELS / URDU NOVELS / ISLAM",STP-1714,"In Stock",1508,"images/Syed Ul Wara - سیّدالورٰی.jpg",https://www.linkshop.pk/all-books/syed-ul-wara
"Neeli Baar - نیلی بار",,"Rs.1,050",9789694965192,"Tahira Iqbal","Dost Publications","NOVELS / URDU NOVELS / NOVELS",STP-1713,"In Stock",564,images/9789694965192.jpg,https://www.linkshop.pk/all-books/neeli-baar
"Mah e Tamam - ماہ تمام By Parveen Shakir",,"Rs.2,000",9698109099,"Parveen Shakir","Jahangir Publisher","NOVELS / URDU NOVELS / URDU POETRY",STP-1712,"In Stock",894,images/9698109099.jpg,https://www.linkshop.pk/all-books/mah-e-tamam-by-parveen-shakir
"Sad Barg - صد برگ",,Rs.450,9698109048,"Parveen Shakir","Jahangir Publisher","NOVELS / URDU NOVELS / URDU POETRY",STP-1711,"In Stock",230,images/9698109048.jpg,https://www.linkshop.pk/all-books/sad-barg
"Inkaar - انکار",,Rs.450,9698109005,"Parveen Shakir","Jahangir Publisher","NOVELS / URDU NOVELS / URDU POETRY",STP-1710,"In Stock",192,images/9698109005.jpg,https://www.linkshop.pk/all-books/inkaar
"Khud Kalami - خود کلامی",,Rs.550,969810903X,"Parveen Shakir","Jahangir Publisher","NOVELS / URDU NOVELS / URDU POETRY",STP-1709,"In Stock",160,images/969810903X.jpg,https://www.linkshop.pk/all-books/khud-kalami
"Kaf e Aaina - کفِ آئینہ",,Rs.400,9698109102,"Parveen Shakir","Jahangir Publisher","NOVELS / URDU NOVELS / URDU POETRY",STP-1708,"In Stock",104,images/9698109102.jpg,https://www.linkshop.pk/all-books/kaf-e-aaina
"Premchand Ke So Afsanay",,"Rs.1,300",,"Munshi Premchand",,"NOVELS / URDU NOVELS / SHORT STORIES",STP-1707,"In Stock",1067,"images/Premchand Ke So Afsanay.jpg",https://www.linkshop.pk/all-books/premchand-ke-so-afsanay
"Khalifa Haroon-ur-Rasheed Aur Un Ka Ahud",,Rs.500,,,"7th Sky Publications","NOVELS / URDU NOVELS / BIOGRAPHY",STP-1706,"In Stock",256,"images/Khalifa Haroon-ur-Rasheed Aur Un Ka Ahud.jpg",https://www.linkshop.pk/all-books/khalifa-haroon-ur-rasheed-aur-un-ka-ahud
"Tum Chand Ban Kay Rehna",,Rs.400,,"Saima Qureshi","Ilm-o-Irfan Publishers","NOVELS / URDU NOVELS / NOVELS",STP-1705,"In Stock",160,"images/Tum Chand Ban Kay Rehna.jpg",https://www.linkshop.pk/all-books/tum-chand-ban-kay-rehna
"Manzil Say Bahut Door - منزل سے بہت دور",,Rs.400,9789695173732,"Wajiha Sehar","Ali Mian Publications","NOVELS / URDU NOVELS / NOVELS",STP-1704,"In Stock",176,images/9789695173732.jpg,https://www.linkshop.pk/all-books/manzil-say-bahut-door
"Guldast-e-Ahl Al Bayt - گلدستہ اہل بیت",,"Rs.1,200",,"Maulana Tariq Jameel",,"NOVELS / URDU NOVELS / ISLAM",STP-1703,"In Stock",627,"images/Guldast-e-Ahl Al Bayt - گلدستہ اہل بیت.jpg",https://www.linkshop.pk/all-books/guldast-e-ahl-al-bayt
"Mohabbat Khawab Aur Aanso",,"Rs.1,000",,"Subas Gul","Ilm-o-Irfan Publishers","NOVELS / URDU NOVELS / NOVELS",STP-1702,"In Stock",536,"images/Mohabbat Khawab Aur Aanso.jpg",https://www.linkshop.pk/all-books/mohabbat-khawab-aur-aanso
"Guru - گرو",,Rs.600,9789696521607,"Qasim Ali Shah","Book Corner Showroom","NOVELS / URDU NOVELS / SELF-MOTIVATION",STP-1701,"In Stock",144,images/9789696521607.jpg,https://www.linkshop.pk/all-books/guru
"Aik Zindagi Kafi Nahi",,"Rs.1,000",9789695623237,"Kuldip Nayar","Fiction House Publisher","NOVELS / URDU NOVELS / BIOGRAPHY",STP-1700,"In Stock",527,images/9789695623237.jpg,https://www.linkshop.pk/all-books/aik-zindagi-kafi-nahi
"Soch Ka Himalaya - سوچ کا ہمالیہ",,Rs.600,,"Qasim Ali Shah","Nai Soch Publishers","NOVELS / URDU NOVELS / SELF-MOTIVATION",STP-1699,"In Stock",287,"images/Soch Ka Himalaya - سوچ کا ہمالیہ.jpg",https://www.linkshop.pk/all-books/soch-ka-himalaya
"Wadi-ul-Maut - وادی الموت",,Rs.175,,"M A Rahat","Al Quraish Publications","NOVELS / URDU NOVELS / NOVELS",STP-1698,"In Stock",206,"images/Wadi-ul-Maut - وادی الموت.jpg",https://www.linkshop.pk/all-books/wadi-ul-maut
"Mohabbat Meri Akhri Sharart Thi",,Rs.500,,"Saima Qureshi","Ilm-o-Irfan Publishers","NOVELS / URDU NOVELS / NOVELS",STP-1697,"In Stock",176,"images/Mohabbat Meri Akhri Sharart Thi.jpg",https://www.linkshop.pk/all-books/mohabbat-meri-akhri-sharart-thi
"Mohabbat Is Ko Kehte Hain",,Rs.300,,"Shaheena Chanda Mehtab","Khazina Ilm-o-Adab","NOVELS / URDU NOVELS / NOVELS",STP-1696,"In Stock",400,"images/Mohabbat Is Ko Kehte Hain.jpg",https://www.linkshop.pk/all-books/mohabbat-is-ko-kehte-hain
"Mery Naseeb Ki Barishain",,Rs.400,,"Nighat Abdullah","Khazina Ilm-o-Adab","NOVELS / URDU NOVELS / NOVELS",STP-1695,"In Stock",240,"images/Mery Naseeb Ki Barishain.jpg",https://www.linkshop.pk/all-books/mery-naseeb-ki-barishain
"Rag e Jaan Se Jo Qareeb Thay",,Rs.700,9789696020622,"Saliha Mahmood","Al Quraish Publications","NOVELS / URDU NOVELS / NOVELS",STP-1694,"In Stock",392,images/9789696020622.jpg,https://www.linkshop.pk/all-books/rag-e-jaan-se-jo-qareeb-thay
"Arzoo Nikhar Aye",,Rs.500,,"Asia Saleem Qureshi","Khwaateen Digest","NOVELS / URDU NOVELS / NOVELS",STP-1693,"In Stock",528,"images/Arzoo Nikhar Aye.jpg",https://www.linkshop.pk/all-books/arzoo-nikhar-aye
"Sham Dhalny Say Pehly",,Rs.400,,"Nighat Abdullah","Khazina Ilm-o-Adab","NOVELS / URDU NOVELS / NOVELS",STP-1692,"In Stock",224,"images/Sham Dhalny Say Pehly.jpg",https://www.linkshop.pk/all-books/sham-dhalny-say-pehly
"Abdaliat - ابدالیات",,"Rs.1,800",9693527658,"Abdaal Bela","Sang-e-Meel Publications","NOVELS / URDU NOVELS / SHORT STORIES",STP-1691,"In Stock",783,images/9693527658.jpg,https://www.linkshop.pk/all-books/abdaliat
"Khamosh Wafa - خاموش وفا",,Rs.700,9789696021339,"Khan Asif","Al Quraish Publications","NOVELS / URDU NOVELS / NOVELS",STP-1690,"In Stock",528,images/9789696021339.jpg,https://www.linkshop.pk/all-books/khamosh-wafa
"Dil Mom Ka Diya - دل موم کا دیا",,Rs.400,,"Saira Raza","Khwaateen Digest","NOVELS / URDU NOVELS / NOVELS",STP-1689,"In Stock",328,"images/Dil Mom Ka Diya - دل موم کا دیا.jpg",https://www.linkshop.pk/all-books/dil-mom-ka-diya
"Shaakh-e-Tabassum - شاخ تبسم",,Rs.380,9694961262,"Anwar Masood","Dost Publications","NOVELS / URDU NOVELS / URDU POETRY",STP-1688,"In Stock",298,images/9694961262.jpg,https://www.linkshop.pk/all-books/shaakh-e-tabassum
"Koh Paima - کوہ پیما",,Rs.400,9693520556,"Ahmad Nadeem Qasmi","Sang-e-Meel Publications","NOVELS / URDU NOVELS / SHORT STORIES",STP-1687,"In Stock",112,images/9693520556.jpg,https://www.linkshop.pk/all-books/koh-paima
"Aanchal - آنچل",,Rs.400,9693520564,"Ahmad Nadeem Qasmi","Sang-e-Meel Publications","NOVELS / URDU NOVELS / SHORT STORIES",STP-1686,"In Stock",158,images/9693520564.jpg,https://www.linkshop.pk/all-books/aanchal
"Yeh Dil Kay Mausam",,Rs.500,,"Nighat Abdullah","Khazina Ilm-o-Adab","NOVELS / URDU NOVELS / SHORT STORIES",STP-1685,"In Stock",240,"images/Yeh Dil Kay Mausam.jpg",https://www.linkshop.pk/all-books/yeh-dil-kay-mausam
"100 Sal Pehly - 100 سال پہلے",,Rs.600,9789696021384,"M A Rahat","Al Quraish Publications","NOVELS / URDU NOVELS / NOVELS",STP-1684,"In Stock",528,images/9789696021384.jpg,https://www.linkshop.pk/all-books/100-sal-pehly
"Nangay Paon - ننگے پاؤں",,Rs.300,,"Nighat Seema","Khwaateen Digest","NOVELS / URDU NOVELS / NOVELS",STP-1682,"In Stock",272,"images/Nangay Paon - ننگے پاؤں.jpg",https://www.linkshop.pk/all-books/nangay-paon
"Hoshruba - ہوشربا",,Rs.500,9789696020073,"Anwar Aligi","Al Quraish Publications","NOVELS / URDU NOVELS / NOVELS",STP-1681,"In Stock",416,images/9789696020073.jpg,https://www.linkshop.pk/all-books/hoshruba
"Basera - بسیرا",,Rs.400,9789696021179,"Anwar Aligi","Al Quraish Publications","NOVELS / URDU NOVELS / NOVELS",STP-1680,"In Stock",400,images/9789696021179.jpg,https://www.linkshop.pk/all-books/basera
"Nazuk Hai Rishta Dil Ka",,Rs.500,,"Asia Saleem Qureshi","Abdullah Academy","NOVELS / URDU NOVELS / NOVELS",STP-1679,"In Stock",428,"images/Nazuk Hai Rishta Dil Ka.jpg",https://www.linkshop.pk/all-books/nazuk-hai-rishta-dil-ka
"Aik Sher Abhi Tak Rehta Hay - Kuliyat-e-Qasir",,"Rs.1,200",9789697665419,"Ghulam Muhammad Qasir",,"NOVELS / URDU NOVELS / URDU POETRY",STP-1678,"In Stock",528,images/9789697665419.jpg,https://www.linkshop.pk/all-books/aik-sher-abhi-tak-rehta-hay-kuliyat-e-qasir
"Mantiq-ul Tair, Jaded - منطق الطیر، جدید",,Rs.700,9693531574,"Mustansar Hussain Tarar","Sang-e-Meel Publications","NOVELS / URDU NOVELS / NOVELS",STP-1677,"In Stock",200,images/9693531574.jpg,https://www.linkshop.pk/all-books/mantiq-ul-tair-jaded
"The Death of Enigma",,Rs.900,9693530926,"Tariq Baloch Sehraei","Sang-e-Meel Publications","NOVELS / URDU NOVELS / ENGLISH",STP-1676,"In Stock",256,images/9693530926.jpg,https://www.linkshop.pk/all-books/the-death-of-enigma
"Hazar Dastan - ہزارداستان",,Rs.500,9789696022763,"Anwar Aligi","Al Quraish Publications","NOVELS / URDU NOVELS / NOVELS",STP-1675,"In Stock",504,images/9789696022763.jpg,https://www.linkshop.pk/all-books/hazar-dastan
"Dhaly Chaand Dil Kay Paar",,Rs.500,,"Samra Bukhari","Khwaateen Digest","NOVELS / URDU NOVELS / NOVELS",STP-1673,"In Stock",424,"images/Dhaly Chaand Dil Kay Paar.jpg",https://www.linkshop.pk/all-books/dhaly-chaand-dil-kay-paar
"Pathar - پتھر",,Rs.300,9789696022336,"M A Rahat","Al Quraish Publications","NOVELS / URDU NOVELS / NOVELS",STP-1672,"In Stock",288,images/9789696022336.jpg,https://www.linkshop.pk/all-books/pathar
"Apna Gariban Chaak - اپنا گریباں چاک",,"Rs.1,800",969351369X,"Dr. Javed Iqbal","Sang-e-Meel Publications","NOVELS / URDU NOVELS / BIOGRAPHY",STP-1669,"In Stock",336+115,images/969351369X.jpg,https://www.linkshop.pk/all-books/apna-gariban-chaak
"Shamsheer Ka Karz - شمشیر کا قرض",,Rs.600,9789696020769,"Khan Asif","Al Quraish Publications","NOVELS / URDU NOVELS / HISTORY BOOKS",STP-1668,"In Stock",295,images/9789696020769.jpg,https://www.linkshop.pk/all-books/shamsheer-ka-karz
"Sailaab O Gardaab - سیلاب و گرداب",,Rs.400,9693520653,"Ahmad Nadeem Qasmi","Sang-e-Meel Publications","NOVELS / URDU NOVELS / SHORT STORIES",STP-1667,"In Stock",144,images/9693520653.jpg,https://www.linkshop.pk/all-books/sailaab-o-gardaab
"Safeera-n-Hurm - سفیران حرم",,Rs.600,9789696020950,"Khan Asif","Al Quraish Publications","NOVELS / URDU NOVELS / ISLAM",STP-1666,"In Stock",311,images/9789696020950.jpg,https://www.linkshop.pk/all-books/safeera-n-hurm
"Allah Kay Wali - اللہ کے ولی",,Rs.850,9789696020240,"Khan Asif","Al Quraish Publications","NOVELS / URDU NOVELS / ISLAM",STP-1665,"In Stock",535,images/9789696020240.jpg,https://www.linkshop.pk/all-books/allah-kay-wali
"Istanbul K Aalam Main Muntkhib",,Rs.340,9789694964966,"Salma Awan","Dost Publications","NOVELS / URDU NOVELS / TRAVELOGUE (SAFARNAMA)",STP-1664,"In Stock",190,images/9789694964966.jpg,https://www.linkshop.pk/all-books/istanbul-k-aalam-main-muntkhib
"Deewan-e-Ghalib - دیوان غالب",,Rs.450,,Ghalib,"Ilm-o-Irfan Publishers","NOVELS / URDU NOVELS / URDU POETRY",STP-1663,"In Stock",486,"images/Deewan-e-Ghalib - دیوان غالب.jpg",https://www.linkshop.pk/all-books/deewan-e-ghalib
"Kali Aatma - کالی آتما",,Rs.490,9789696022046,"M A Rahat","Al Quraish Publications","NOVELS / URDU NOVELS / NOVELS",STP-1662,"In Stock",496,images/9789696022046.jpg,https://www.linkshop.pk/all-books/kali-aatma
"Asaib Nagri - آسیب نگری",,Rs.550,9789696023166,"M A Rahat","Al Quraish Publications","NOVELS / URDU NOVELS / NOVELS",STP-1661,"In Stock",479,images/9789696023166.jpg,https://www.linkshop.pk/all-books/asaib-nagri
"Lok Punjab - لوک پنجاب",,Rs.800,9789693705829,Mazhar-ul-Islam,"Leo Books","NOVELS / URDU NOVELS / TRAVELOGUE (SAFARNAMA)",STP-1660,"In Stock",306,images/9789693705829.jpg,https://www.linkshop.pk/all-books/lok-punjab
"Zakhmo Ki Diary - زخموں کی ڈائری",,Rs.400,,"Sabir Chaudhary","Ilm-o-Irfan Publishers","NOVELS / URDU NOVELS / SELF-MOTIVATION",STP-1659,"In Stock",200,"images/Zakhmo Ki Diary - زخموں کی ڈائری.jpg",https://www.linkshop.pk/all-books/zakhmo-ki-diary
"Ajaib Khana - عجائب خانہ",,Rs.800,9789696021636,"M A Rahat","Al Quraish Publications","NOVELS / URDU NOVELS / NOVELS",STP-1658,"In Stock",725,images/9789696021636.jpg,https://www.linkshop.pk/all-books/ajaib-khana
"Khali Qabar - خالی قبر",,Rs.500,,"M A Rahat","Dua Publications","NOVELS / URDU NOVELS / NOVELS",STP-1657,"In Stock",302,"images/Khali Qabar - خالی قبر.jpg",https://www.linkshop.pk/all-books/khali-qabar
"Sharh Deewan-e-Ghalib",,"Rs.2,000",,Ghalib,"Ilm-o-Irfan Publishers","NOVELS / URDU NOVELS / URDU POETRY",STP-1656,"In Stock",600,"images/Sharh Deewan-e-Ghalib.jpg",https://www.linkshop.pk/all-books/sharh-deewan-e-ghalib
"Dard Gar - دردگر",,Rs.400,,"Umme Maryam","Ilm-o-Irfan Publishers","NOVELS / URDU NOVELS / NOVELS",STP-1655,"In Stock",336,"images/Dard Gar - دردگر.jpg",https://www.linkshop.pk/all-books/dard-gar
"Jeet Ki Janib - جیت کی جانب",,Rs.640,9789696521334,"Qasim Ali Shah","Jumhoori Publications","NOVELS / URDU NOVELS / SELF-MOTIVATION",STP-1654,"In Stock",224,images/9789696521334.jpg,https://www.linkshop.pk/all-books/jeet-ki-janib
"Tota Kahani - توتا کہانی",,"Rs.1,200",9693517989,"Ashfaq Ahmad","Sang-e-Meel Publications","NOVELS / URDU NOVELS / DRAMA",STP-1653,"In Stock",496,images/9693517989.jpg,https://www.linkshop.pk/all-books?product_id=1249
"Mohabbat Ik Sulagti Shaam",,Rs.300,,"Nazia Kanwal Nazi","Ilm-o-Irfan Publishers","NOVELS / URDU NOVELS / NOVELS",STP-1652,"In Stock",160,"images/Mohabbat Ik Sulagti Shaam.jpg",https://www.linkshop.pk/all-books/mohabbat-ik-sulagti-shaam
"Junoon e Ishq - جنون عشق",,Rs.600,9789695173770,"Riaz Aqib Kohlar","Ali Mian Publications","NOVELS / URDU NOVELS / NOVELS",STP-1651,"In Stock",320,images/9789695173770.jpg,https://www.linkshop.pk/all-books/junoon-e-ishq
"Adawat - عداوت",,Rs.600,9789695173879,"Riaz Aqib Kohlar","Ali Mian Publications","NOVELS / URDU NOVELS / NOVELS",STP-1650,"In Stock",272,images/9789695173879.jpg,https://www.linkshop.pk/all-books/adawat
"Rasool Allah (PBUH) Ki Kharja Policy",,Rs.700,9693531523,"Asad Saleem Shaikh","Sang-e-Meel Publications","NOVELS / URDU NOVELS / ISLAM",STP-1649,"In Stock",238,images/9693531523.jpg,https://www.linkshop.pk/all-books/rasool-allah-pbuh-ki-kharja-policy
"Tipu Sultan Shaheed - ٹیپو سلطان شہید",,Rs.800,9789696620594,,"Book Corner Showroom","NOVELS / URDU NOVELS / BIOGRAPHY",STP-1648,"In Stock",539,images/9789696620594.jpg,https://www.linkshop.pk/all-books/tipu-sultan-shaheed
"Break Up - بریک اپ",,Rs.550,9789697779062,"Rizwan Zafar","Alif Kitab Publications","NOVELS / URDU NOVELS / NOVELS",STP-1647,"In Stock",424,images/9789697779062.jpg,https://www.linkshop.pk/all-books/break-up
"Baat Se Baat - بات سے بات",,Rs.200,9789694962764,"Anwar Masood","Dost Publications","NOVELS / URDU NOVELS / URDU ADAB",STP-1646,"In Stock",135,images/9789694962764.jpg,https://www.linkshop.pk/all-books/baat-se-baat
"Nijat Dahinda - نجات دہندہ",,Rs.300,,"Nighat Seema",,"NOVELS / URDU NOVELS / NOVELS",STP-1645,"In Stock",346,"images/Nijat Dahinda - نجات دہندہ.jpg",https://www.linkshop.pk/all-books/nijat-dahinda
"Yeh Galiyan Yeh Chaubary",,Rs.400,,"Faiza Iftikhar","Khwaateen Digest","NOVELS / URDU NOVELS / NOVELS",STP-1644,"In Stock",280,"images/Yeh Galiyan Yeh Chaubary.jpg",https://www.linkshop.pk/all-books/yeh-galiyan-yeh-chaubary
"Jannat Do Qadam - جنت دو قدم",,Rs.350,,"Nabila Aziz","Ilm-o-Irfan Publishers","NOVELS / URDU NOVELS / NOVELS",STP-1643,"In Stock",344,"images/Jannat Do Qadam - جنت دو قدم.jpg",https://www.linkshop.pk/all-books/jannat-do-qadam
"Bakht Jaag Uthay",,Rs.500,9789696024118,"Humaira Nosheen","Al Quraish Publications","NOVELS / URDU NOVELS / NOVELS",STP-1642,"In Stock",200,images/9789696024118.jpg,https://www.linkshop.pk/all-books/bakht-jaag-uthay
"Dar e Yaar - دریار",,Rs.400,9789696024071,Bint-e-Sehar,"Al Quraish Publications","NOVELS / URDU NOVELS / SHORT STORIES",STP-1641,"In Stock",184,images/9789696024071.jpg,https://www.linkshop.pk/all-books/dar-e-yaar
"Kaar-e-Jahaan Daraaz Hai 1, 2, 3",,"Rs.2,800",9693512472,"Qurratulain Hyder","Sang-e-Meel Publications","NOVELS / URDU NOVELS / BIOGRAPHY",STP-1640,"In Stock",1038,images/9693512472.jpg,https://www.linkshop.pk/all-books/kaar-e-jahaan-daraaz-hai
"Vasal-e-Jana - وصل جاناں",,Rs.400,9789696024095,"Misbah Ali Syed","Al Quraish Publications","NOVELS / URDU NOVELS / NOVELS",STP-1639,"In Stock",160,images/9789696024095.jpg,https://www.linkshop.pk/all-books/vasal-e-jana
"Mehjoor-e-Nasheman - مہجور نشیمن",,Rs.900,9789696024057,"Misbah Ali Syed","Al Quraish Publications","NOVELS / URDU NOVELS / NOVELS",STP-1638,"In Stock",456,images/9789696024057.jpg,https://www.linkshop.pk/all-books/mehjoor-e-nasheman
"Jis Dhaj Se Koi Maqtal Mein Gaya",,Rs.350,,"Nighat Seema","Ilm-o-Irfan Publishers","NOVELS / URDU NOVELS / NOVELS",STP-1637,"In Stock",256,"images/Jis Dhaj Se Koi Maqtal Mein Gaya.jpg",https://www.linkshop.pk/all-books/jis-dhaj-se-koi-maqtal-mein-gaya
"Meray Hum Qadam",,Rs.500,969351923X,"Ahmad Nadeem Qasmi","Sang-e-Meel Publications","NOVELS / URDU NOVELS / URDU ADAB",STP-1636,"In Stock",160,images/969351923X.jpg,https://www.linkshop.pk/all-books/meray-hum-qadam
"But Shikan By Bushra Rehman",,Rs.200,,"Bushra Rehman","Khazina Ilm-o-Adab","NOVELS / URDU NOVELS / NOVELS",STP-1635,"In Stock",176,"images/But Shikan By Bushra Rehman.jpg",https://www.linkshop.pk/all-books/but-shikan-by-bushra-rehman
"Taloot - طالوت",,"Rs.1,200",9789696021919,"M A Rahat","Al Quraish Publications","NOVELS / URDU NOVELS / NOVELS",STP-1634,"In Stock",1200,images/9789696021919.jpg,https://www.linkshop.pk/all-books/taloot
"Sachy Moti - سچے موتی",,"Rs.1,000",,"Tehreem Arshad","Ilm-o-Irfan Publishers","NOVELS / URDU NOVELS / NOVELS",STP-1633,"In Stock",512,"images/Sachy Moti - سچے موتی.jpg",https://www.linkshop.pk/all-books/sachy-moti
"Pear Ka Bhot",,Rs.350,,"Rahat Ayesha","Bachon Ka Kitab Ghar","NOVELS / URDU NOVELS / CHILDREN BOOKS",STP-1632,"In Stock",127,"images/Pear Ka Bhot.jpg",https://www.linkshop.pk/all-books/pear-ka-bhot
"Gumshuda Chabi",,Rs.250,,"Rahat Ayesha","Bachon Ka Kitab Ghar","NOVELS / URDU NOVELS / CHILDREN BOOKS",STP-1631,"In Stock",101,"images/Gumshuda Chabi.jpg",https://www.linkshop.pk/all-books/gumshuda-chabi
"Bichoo - بچھو",,Rs.400,9789696022152,"Anwar Aligi","Al Quraish Publications","NOVELS / URDU NOVELS / NOVELS",STP-1630,"In Stock",431,images/9789696022152.jpg,https://www.linkshop.pk/all-books/bichoo
"Sherni - شیرنی",,Rs.400,9789696022015,"Anwar Aligi","Al Quraish Publications","NOVELS / URDU NOVELS / NOVELS",STP-1629,"In Stock",448,images/9789696022015.jpg,https://www.linkshop.pk/all-books/sherni
"Reech Kay Israr",,Rs.200,,"Anwar Aligi","Al Quraish Publications","NOVELS / URDU NOVELS / NOVELS",STP-1628,"In Stock",176,"images/Reech Kay Israr.jpg",https://www.linkshop.pk/all-books/reech-kay-israr
"Maskan - مسکن",,Rs.350,9789696021315,"Anwar Aligi","Al Quraish Publications","NOVELS / URDU NOVELS / NOVELS",STP-1627,"In Stock",288,images/9789696021315.jpg,https://www.linkshop.pk/all-books/maskan
"Mann Morakh Ki Baat Na Mano",,"Rs.1,000",9789696024088,"Asia Mirza","Al Quraish Publications","NOVELS / URDU NOVELS / NOVELS",STP-1626,"In Stock",535,images/9789696024088.jpg,https://www.linkshop.pk/all-books/mann-morakh-ki-baat-na-mano
"Commando - کمانڈو",,Rs.400,,"Tariq Ismail Sagar","7th Sky Publications","NOVELS / URDU NOVELS / NOVELS",STP-1625,"In Stock",415,"images/Commando - کمانڈو.jpg",https://www.linkshop.pk/all-books/commando
"Main Aik Jasoos Tha",,Rs.500,,"Tariq Ismail Sagar","Sagar Publications","NOVELS / URDU NOVELS / NOVELS",STP-1624,"In Stock",328,"images/Main Aik Jasoos Tha.jpg",https://www.linkshop.pk/all-books/main-aik-jasoos-tha
"Teenage Guide - بچپن، لڑکپن اور بھولپن",,Rs.300,,"Dr. Asif Mahmood Jah","Ilm-o-Irfan Publishers","NOVELS / URDU NOVELS / OTHER BOOKS",STP-1623,"In Stock",235,"images/Teenage Guide - بچپن، لڑکپن اور بھولپن.jpg",https://www.linkshop.pk/all-books/teenage-guide
"Zindagi Dhoop Aur Chaon",,Rs.600,,"Nighat Abdullah","Khazina Ilm-o-Adab","NOVELS / URDU NOVELS / NOVELS",STP-1622,"In Stock",400,"images/Zindagi Dhoop Aur Chaon.jpg",https://www.linkshop.pk/all-books/zindagi-dhoop-aur-chaon
"Safaid Mahal - سفید محل",,Rs.400,9789696021223,"Anwar Aligi","Al Quraish Publications","NOVELS / URDU NOVELS / NOVELS",STP-1621,"In Stock",408,images/9789696021223.jpg,https://www.linkshop.pk/all-books/safaid-mahal
"Mery Humnawa Ko Khabar Karo",,Rs.700,9789696022534,"Fakhira Gull","Al Quraish Publications","NOVELS / URDU NOVELS / NOVELS",STP-1620,"In Stock",376,images/9789696022534.jpg,https://www.linkshop.pk/all-books/mery-humnawa-ko-khabar-karo
"Rain Basera - رین بسیرا",,Rs.550,9789696023074,"Anwar Aligi","Al Quraish Publications","NOVELS / URDU NOVELS / NOVELS",STP-1619,"In Stock",280,images/9789696023074.jpg,https://www.linkshop.pk/all-books/rain-basera
"Meri Kahani - میری کہانی",,Rs.980,9789696010753,"Ishtiaq Ahmad","Atlantis Publications","NOVELS / URDU NOVELS / BIOGRAPHY",STP-1618,"In Stock",530,images/9789696010753.jpg,https://www.linkshop.pk/all-books/meri-kahani
"Khali Ghar - خالی گھر",,Rs.650,9789696020547,"Anwar Aligi","Al Quraish Publications","NOVELS / URDU NOVELS / NOVELS",STP-1617,"In Stock",376,images/9789696020547.jpg,https://www.linkshop.pk/all-books/khali-ghar
"Jazeeray Ka Samandar",,Rs.700,,"Ishtiaq Ahmad","Bachon Ka Kitab Ghar","NOVELS / URDU NOVELS / CHILDREN BOOKS",STP-1615,"In Stock",736,"images/Jazeeray Ka Samandar.jpg",https://www.linkshop.pk/all-books/jazeeray-ka-samandar
"Sea Moon Ki Wapsi",,Rs.700,,"Ishtiaq Ahmad","Bachon Ka Kitab Ghar","NOVELS / URDU NOVELS / CHILDREN BOOKS",STP-1614,"In Stock",727,"images/Sea Moon Ki Wapsi.jpg",https://www.linkshop.pk/all-books/sea-moon-ki-wapsi
"Yaabnay Moham",,Rs.650,,"Ishtiaq Ahmad","Bachon Ka Kitab Ghar","NOVELS / URDU NOVELS / CHILDREN BOOKS",STP-1613,"In Stock",647,"images/Yaabnay Moham.jpg",https://www.linkshop.pk/all-books/yaabnay-moham
"Daldal Ka Samandar",,Rs.700,,"Ishtiaq Ahmad","Bachon Ka Kitab Ghar","NOVELS / URDU NOVELS / CHILDREN BOOKS",STP-1612,"In Stock",752,"images/Daldal Ka Samandar.jpg",https://www.linkshop.pk/all-books/daldal-ka-samandar
"Mata-e-Dil - متاع دل",,Rs.500,,"Nabila Abr Raja","Ilm-o-Irfan Publishers","NOVELS / URDU NOVELS / NOVELS",STP-1611,"In Stock",199,"images/Mata-e-Dil - متاع دل.jpg",https://www.linkshop.pk/all-books/mata-e-dil
"Bazgasht - بازگشت",,Rs.575,9693500865,"Bano Qudsia","Sang-e-Meel Publications","NOVELS / URDU NOVELS / SHORT STORIES",STP-1610,"In Stock",299,images/9693500865.jpg,https://www.linkshop.pk/all-books/bazgasht
"Dast Basta - دست بستہ",,Rs.600,969351324X,"Bano Qudsia","Sang-e-Meel Publications","NOVELS / URDU NOVELS / SHORT STORIES",STP-1609,"In Stock",232,images/969351324X.jpg,https://www.linkshop.pk/all-books/dast-basta
"Hijraton Kay Darmiyaan - ہجرتوں کے درمیان",,Rs.400,9693523660,"Bano Qudsia","Sang-e-Meel Publications","NOVELS / URDU NOVELS / SHORT STORIES",STP-1608,"In Stock",244,images/9693523660.jpg,https://www.linkshop.pk/all-books/hijraton-kay-darmiyaan
Kulliyat-e-Zafar,,"Rs.3,000",9693503244,"Bahadur Shah Zafar","Sang-e-Meel Publications","NOVELS / URDU NOVELS / URDU POETRY",STP-1607,"In Stock",736+590,images/9693503244.jpg,https://www.linkshop.pk/all-books/kulliyat-e-zafar
"Kapas Ka Phool",,Rs.700,9693520866,"Ahmad Nadeem Qasmi","Sang-e-Meel Publications","NOVELS / URDU NOVELS / SHORT STORIES",STP-1606,"In Stock",240,images/9693520866.jpg,https://www.linkshop.pk/all-books/kapas-ka-phool
"Shikwa Jawab-e-Shikwa",,Rs.250,,"Allama Muhammad Iqbal","Ilm-o-Irfan Publishers","NOVELS / URDU NOVELS / URDU POETRY",STP-1605,"In Stock",213,"images/Shikwa Jawab-e-Shikwa.jpg",https://www.linkshop.pk/all-books/shikwa-jawab-e-shikwa
"Zarb-e-Kaleem - ضرب کلیم",,Rs.250,,"Allama Muhammad Iqbal","Ilm-o-Irfan Publishers","NOVELS / URDU NOVELS / URDU POETRY",STP-1604,"In Stock",175,"images/Zarb-e-Kaleem - ضرب کلیم.jpg",https://www.linkshop.pk/all-books/zarb-e-kaleem
"Bal-i-Jibril - بال جبریل",,Rs.250,,"Allama Muhammad Iqbal","Ilm-o-Irfan Publishers","NOVELS / URDU NOVELS / URDU POETRY",STP-1603,"In Stock",168,"images/Bal-i-Jibril - بال جبریل.jpg",https://www.linkshop.pk/all-books/bal-i-jibril
"By the River Piedra I Sat Down and Wept (Urdu Translation)",,Rs.300,,"Paulo Coelho","Romail Publications","NOVELS / URDU NOVELS / NOVELS",STP-1602,"In Stock",256,"images/By the River Piedra I Sat Down and Wept (Urdu Translation).jpg",https://www.linkshop.pk/all-books/by-the-river-piedra-i-sat-down-and-wept
"Love Without Borders",,Rs.595,9789690025487,"Nadeem Akbar","Ferozsons (Pvt) LTD","NOVELS / URDU NOVELS / ENGLISH",STP-1601,"In Stock",239,images/9789690025487.jpg,https://www.linkshop.pk/all-books/love-without-borders
"Duawan - دھواں",,Rs.600,9693522087,Gulzar,"Sang-e-Meel Publications","NOVELS / URDU NOVELS / SHORT STORIES",STP-1600,"In Stock",186,images/9693522087.jpg,https://www.linkshop.pk/all-books/duawan
"Devdhi - ڈیوڑھی",,Rs.495,9693526783,Gulzar,"Sang-e-Meel Publications","NOVELS / URDU NOVELS / SHORT STORIES",STP-1599,"In Stock",207,images/9693526783.jpg,https://www.linkshop.pk/all-books/devdhi
"Khatiya Watiya - کھٹیا وٹیا",,Rs.400,9693515526,"Ashfaq Ahmad","Sang-e-Meel Publications","NOVELS / URDU NOVELS / URDU POETRY",STP-1600,"In Stock",120,images/9693515526.jpg,https://www.linkshop.pk/all-books/khatiya-watiya
"Nangay Paaoon - ننگے پاؤں",,"Rs.1,200",9693510850,"Ashfaq Ahmad","Sang-e-Meel Publications","NOVELS / URDU NOVELS / DRAMA",STP-1599,"In Stock",665,images/9693510850.jpg,https://www.linkshop.pk/all-books/nangay-paaoon
"Tahli Thallay -  ٹاہلی تھلّے",,Rs.900,9693516387,"Ashfaq Ahmad","Sang-e-Meel Publications","NOVELS / URDU NOVELS / DRAMA",STP-1598,"In Stock",424,images/9693516387.jpg,https://www.linkshop.pk/all-books/tahli-thallay
Kulliyat-e-Momin,,"Rs.1,500",9693519582,"Momin Khan Momin","Sang-e-Meel Publications","NOVELS / URDU NOVELS / URDU POETRY",STP-1597,"In Stock",423,images/9693519582.jpg,https://www.linkshop.pk/all-books/kulliyat-e-momin
"Uzbekistan - ازبکستان",,Rs.600,9693530950,"Tahir Anwar Pasha","Sang-e-Meel Publications","NOVELS / URDU NOVELS / TRAVELOGUE (SAFARNAMA)",STP-1596,"In Stock",177,images/9693530950.jpg,https://www.linkshop.pk/all-books/uzbekistan
"Titliyan Phool Aur Khushboo",,Rs.300,,"Rahat Jabeen","Khwaateen Digest","NOVELS / URDU NOVELS / NOVELS",STP-1595,"In Stock",223,"images/Titliyan Phool Aur Khushboo.jpg",https://www.linkshop.pk/all-books/titliyan-phool-aur-khushboo
"Zard Mausam - ذرد موسم",,"Rs.1,000",,"Rahat Jabeen","Khwaateen Digest","NOVELS / URDU NOVELS / NOVELS",STP-1594,"In Stock",840,"images/Zard Mausam - ذرد موسم.jpg",https://www.linkshop.pk/all-books/zard-mausam
"Sabz Ruton Ka Pehla Phool",,Rs.400,9789696020509,"Rahat Jabeen","Al Quraish Publications","NOVELS / URDU NOVELS / NOVELS",STP-1593,"In Stock",368,images/9789696020509.jpg,https://www.linkshop.pk/all-books/sabz-ruton-ka-pehla-phool
"Dil, Diya, Dehleez",,"Rs.1,000",,"Riffat Siraj","Khazina Ilm-o-Adab","NOVELS / URDU NOVELS / NOVELS",STP-1592,"In Stock",880,"images/Dil, Diya, Dehleez.jpg",https://www.linkshop.pk/all-books/dil-diya-dehleez
"Sacha Aur Khara Leader",,"Rs.2,500",9789699007231,"Zia Shahid","Qalam Foundation","NOVELS / URDU NOVELS / BIOGRAPHY",STP-1591,"In Stock","450  (Pictures Edition)",images/9789699007231.jpg,https://www.linkshop.pk/all-books/sacha-aur-khara-leader
"Urdu Afsana: Aik Sadi Ka Qissa",,"Rs.1,400",,"Dr. Anwaar Ahmad","Kitab Nagar","NOVELS / URDU NOVELS / URDU ADAB",STP-1590,"In Stock",839,"images/Urdu Afsana: Aik Sadi Ka Qissa.jpg",https://www.linkshop.pk/all-books/urdu-afsana-aik-sadi-ka-qissa
"Kulyat Akhtar Hussain Jafri - Akhri Ujala",,Rs.800,9693521609,"Akhtar Hussain Jafri","Sang-e-Meel Publications","NOVELS / URDU NOVELS / URDU POETRY",STP-1589,"In Stock",358,images/9693521609.jpg,https://www.linkshop.pk/all-books/kulyat-akhtar-hussain-jafri--akhri-ujala
"Baraf Kay Qaidi",,Rs.400,,"Col. Ashfaq Hussain",,"NOVELS / URDU NOVELS / OTHER BOOKS",STP-1588,"In Stock",328,"images/Baraf Kay Qaidi.jpg",https://www.linkshop.pk/all-books/baraf-kay-qaidi
"Dil Aur Pather",,"Rs.1,200",9693507738,"Razia Butt","Sang-e-Meel Publications","NOVELS / URDU NOVELS / SHORT STORIES",STP-1587,"In Stock",696,images/9693507738.jpg,https://www.linkshop.pk/all-books/dil-aur-pather
"Fateh Sabona",,Rs.450,,"Col. Ashfaq Hussain",,"NOVELS / URDU NOVELS / BIOGRAPHY",STP-1586,"In Stock",303,"images/Fateh Sabona.jpg",https://www.linkshop.pk/all-books/fateh-sabona
"Mohabat Aisa Naghma Hay",,Rs.500,,"Iqra Sagheer Ahmed","Ilm-o-Irfan Publishers","NOVELS / URDU NOVELS / NOVELS",STP-1585,"In Stock",160,"images/Mohabat Aisa Naghma Hay.jpg",https://www.linkshop.pk/all-books/mohabat-aisa-naghma-hay
"Shab-e-Hijar Ki Pehli Barish - 2",,Rs.600,,"Nazia Kanwal Nazi","Ilm-o-Irfan Publishers","NOVELS / URDU NOVELS / NOVELS",STP-1584,"In Stock",336,"images/Shab-e-Hijar Ki Pehli Barish - 2.jpg",https://www.linkshop.pk/all-books/shab-e-hijar-ki-pehli-barish-2
"Shab-e-Hijar Ki Pehli Barish - 1",,Rs.600,,"Nazia Kanwal Nazi","Ilm-o-Irfan Publishers","NOVELS / URDU NOVELS / NOVELS",STP-1583,"In Stock",352,"images/Shab-e-Hijar Ki Pehli Barish - 1.jpg",https://www.linkshop.pk/all-books/shab-e-hijar-ki-pehli-barish-1
"Mutnazaza Afsany Manto Kay",,Rs.300,,"Saadat Hasan Manto","7th Sky Publications","NOVELS / URDU NOVELS / SHORT STORIES",STP-1582,"In Stock",272,"images/Mutnazaza Afsany Manto Kay.jpg",https://www.linkshop.pk/all-books/mutnazaza-afsany-manto-kay
"Ajeeb Shakhs Hai",,Rs.300,,"Amna Iqbal Ahmed","Arsalan Book Corporation","NOVELS / URDU NOVELS / NOVELS",STP-1581,"In Stock",293,"images/Ajeeb Shakhs Hai.jpg",https://www.linkshop.pk/all-books/ajeeb-shakhs-hai
"Such Ka Safar",,Rs.590,9789696520016,"Sadruddin Hashwani","Jumhoori Publications","NOVELS / URDU NOVELS / BIOGRAPHY",STP-1423,"In Stock",223,images/9789696520016.jpg,https://www.linkshop.pk/all-books/such-ka-safar
"Zero Point - Part 6",,Rs.400,,"Javed Chaudhry","Abdullah Academy","NOVELS / URDU NOVELS / URDU ADAB",STP-1580,"In Stock",400,"images/Zero Point - Part 6.jpg",https://www.linkshop.pk/all-books/zero-point-part-6
"Zero Point - Part 5",,Rs.400,,"Javed Chaudhry","Abdullah Academy","NOVELS / URDU NOVELS / URDU ADAB",STP-1579,"In Stock",400,"images/Zero Point - Part 5.jpg",https://www.linkshop.pk/all-books/zero-point-part-5
Farzand-e-Pakistan,,Rs.700,,"Sheikh Rasheed Ahmad","Romail Publications","NOVELS / URDU NOVELS / BIOGRAPHY",STP-1578,"In Stock",208,images/Farzand-e-Pakistan.jpg,https://www.linkshop.pk/all-books/farzand-e-pakistan
"From Kargil to the Coup: Events that Shook Pakistan",,"Rs.1,500",969353137X,"Nasim Zehra","Sang-e-Meel Publications","NOVELS / URDU NOVELS / ENGLISH",STP-1577,"In Stock",532,images/969353137X.jpg,https://www.linkshop.pk/all-books/from-kargil-to-the-coup
"Sambhal Ay Dil - سنبھل اے دل",,Rs.600,,"Amna Iqbal Ahmed","Arsalan Book Corporation","NOVELS / URDU NOVELS / NOVELS",STP-1576,"In Stock",336,"images/Sambhal Ay Dil - سنبھل اے دل.jpg",https://www.linkshop.pk/all-books/sambhal-ay-dil
"Hazrat Junaid Baghdadi (R.A)",,Rs.600,9789696620143,,"Book Corner Showroom","NOVELS / URDU NOVELS / ISLAM",STP-1575,"In Stock",347,images/9789696620143.jpg,https://www.linkshop.pk/all-books/hazrat-junaid-baghdadi-r-a
"Imran Series - Ibn-e-Safi - Set 1",,"Rs.1,600",,Ibn-e-Safi,"Asrar Publications","NOVELS / URDU NOVELS / NOVELS",STP-1574,"In Stock",,"images/Imran Series - Ibn-e-Safi - Set 1.jpg",https://www.linkshop.pk/all-books/imran-series-ibn-e-safi-set-1
"Meri Pehli aur Aakhri Muhabbat",,Rs.795,9693525566,"James Grant","Sang-e-Meel Publications","NOVELS / URDU NOVELS / NOVELS",STP-1573,"In Stock",356,images/9693525566.jpg,https://www.linkshop.pk/all-books/meri-pehli-aur-aakhri-muhabbat
"Sada Chiryan Da Chamba",,Rs.600,,"Nafeesa Saeed","Ilm-o-Irfan Publishers","NOVELS / URDU NOVELS / NOVELS",STP-1572,"In Stock",304,"images/Sada Chiryan Da Chamba.jpg",https://www.linkshop.pk/all-books/sada-chiryan-da-chamba
"Husnul Maab Aur",,"Rs.1,100",,"Saira Raza","Ilm-o-Irfan Publishers","NOVELS / URDU NOVELS / NOVELS",STP-1571,"In Stock",592,"images/Husnul Maab Aur.jpg",https://www.linkshop.pk/all-books/husnul-maab-aur
"Jo Bichar Gay - جو بچھڑ گئے",,Rs.800,9789696621409,"Irfan Saddique","Book Corner Showroom","NOVELS / URDU NOVELS / URDU ADAB",STP-1570,"In Stock",176,images/9789696621409.jpg,https://www.linkshop.pk/all-books/jo-bichar-gay
"Kitab-e-Zindigi - کتاب زندگی",,Rs.300,,"Maulana Wahiduddin Khan","Romail Publications","NOVELS / URDU NOVELS / SELF-MOTIVATION",STP-1569,"In Stock",260,"images/Kitab-e-Zindigi - کتاب زندگی.jpg",https://www.linkshop.pk/all-books/kitab-e-zindigi
"Sarguzasht-e-Islam - سرگزشت اسلام",,Rs.500,,"Chiragh Hasan Hasrat","Ilm-o-Irfan Publishers","NOVELS / URDU NOVELS / URDU ADAB",STP-1568,"In Stock",256,"images/Sarguzasht-e-Islam - سرگزشت اسلام.jpg",https://www.linkshop.pk/all-books/sarguzasht-e-islam
"In Lamhon Kay Daman Main",,Rs.600,,"Mubashra Ansari","Ilm-o-Irfan Publishers","NOVELS / URDU NOVELS / NOVELS",STP-1567,"In Stock",288,"images/In Lamhon Kay Daman Main.jpg",https://www.linkshop.pk/all-books/in-lamhon-kay-daman-main
"Mohabbat Ab Bhi Baqi Hay",,Rs.500,,"Nuzhat Jabeen Zia","Ilm-o-Irfan Publishers","NOVELS / URDU NOVELS / SHORT STORIES",STP-1566,"In Stock",192,"images/Mohabbat Ab Bhi Baqi Hay.jpg",https://www.linkshop.pk/all-books/mohabbat-ab-bhi-baqi-hay
"Bharpur Khud Aitmadi",,Rs.400,,,"Qasim Ali Shah Foundation","NOVELS / URDU NOVELS / SELF-MOTIVATION",STP-1565,"In Stock",152,"images/Bharpur Khud Aitmadi.jpg",https://www.linkshop.pk/all-books/bharpur-khud-aitmadi
"Lala Rukh - لالہ رخ",,Rs.500,978969380337X,"Qamar Ajnalvi","Al Quraish Publications","NOVELS / URDU NOVELS / NOVELS",STP-1564,"In Stock",256,images/978969380337X.jpg,https://www.linkshop.pk/all-books/lala-rukh
"Tipu Sultan - ٹیپو سلطان",,Rs.700,9789696021322,"Khan Asif","Al Quraish Publications","NOVELS / URDU NOVELS / NOVELS",STP-1563,"In Stock",400,images/9789696021322.jpg,https://www.linkshop.pk/all-books/tipu-sultan
"Secret Series Complete (Urdu Translation)",,"Rs.1,996",,"Rhonda Byrne","Nai Soch Publications","NOVELS / URDU NOVELS / SELF-MOTIVATION",STP-1562,"In Stock",,"images/Secret Series Complete (Urdu Translation).jpg",https://www.linkshop.pk/all-books/secret-series-complete-urdu-translation
"Magic (Urdu Translation)",,Rs.499,,"Rhonda Byrne","Nai Soch Publications","NOVELS / URDU NOVELS / SELF-MOTIVATION",STP-1561,"In Stock",239,"images/Magic (Urdu Translation).jpg",https://www.linkshop.pk/all-books/magic-urdu-translation
"Power (Urdu Translation)",,Rs.499,,"Rhonda Byrne","Nai Soch Publications","NOVELS / URDU NOVELS / SELF-MOTIVATION",STP-1560,"In Stock",240,"images/Power (Urdu Translation).jpg",https://www.linkshop.pk/all-books/power-urdu-translation
"Secret (Urdu Translation)",,Rs.499,,"Rhonda Byrne","Nai Soch Publications","NOVELS / URDU NOVELS / SELF-MOTIVATION",STP-1559,"In Stock",239,"images/Secret (Urdu Translation).jpg",https://www.linkshop.pk/all-books/secret-urdu-translation
"Bohat Nayab Hay Dekho",,Rs.500,9789695173824,"Zumar Naeem","Ali Mian Publications","NOVELS / URDU NOVELS / NOVELS",STP-1558,"In Stock",272,images/9789695173824.jpg,https://www.linkshop.pk/all-books/bohat-nayab-hay-dekho
"Ghazi Ilm Deen Shaheed",,Rs.600,9789699396182,,"Book Corner Showroom","NOVELS / URDU NOVELS / BIOGRAPHY",STP-1557,"In Stock",424,images/9789699396182.jpg,https://www.linkshop.pk/all-books/ghazi-ilm-deen-shaheed
"Aik Nayee Cinderella",,Rs.500,9789695173855,"Faiza Iftikhar","Ali Mian Publications","NOVELS / URDU NOVELS / NOVELS",STP-1556,"In Stock",207,images/9789695173855.jpg,https://www.linkshop.pk/all-books/aik-nayee-cinderella
"December Lout Ana Tum",,Rs.500,9789695173861,"Nasir Hussain","Ali Mian Publications","NOVELS / URDU NOVELS / NOVELS",STP-1555,"In Stock",240,images/9789695173861.jpg,https://www.linkshop.pk/all-books/december-lout-ana-tum
"Yadon Ka Jashan - یادوں کا جشن",,Rs.999,9789696620839,"Kunwar Mohinder Singh Bedi Sahar","Book Corner Showroom","NOVELS / URDU NOVELS / BIOGRAPHY",STP-1554,"In Stock",524,images/9789696620839.jpg,https://www.linkshop.pk/all-books/yadon-ka-jashan
"Ramooz-e-Ilahiat - رموز الہٰیات",,Rs.800,9693530292,"Prof. Ahmad Rafique Akhtar","Sang-e-Meel Publications","NOVELS / URDU NOVELS / ISLAM",STP-1553,"In Stock",262,images/9693530292.jpg,https://www.linkshop.pk/all-books/ramooz-e-ilahiat
"Aatish Bajan Guzar Gai Shab",,Rs.275,,"Nighat Seema","Gul Quraish Publications","NOVELS / URDU NOVELS / NOVELS",STP-1552,"In Stock",181,"images/Aatish Bajan Guzar Gai Shab.jpg",https://www.linkshop.pk/all-books/aatish-bajan-guzar-gai-shab
"Jalib Beeti - جالب بیتی",,Rs.500,,"Habib Jalib","Tahir Sons","NOVELS / URDU NOVELS / BIOGRAPHY",STP-1551,"In Stock",360,"images/Jalib Beeti - جالب بیتی.jpg",https://www.linkshop.pk/all-books/jalib-beeti
"Alauddin Khalji",,Rs.500,,"Aslam Rahi MA","Ammar Publications","NOVELS / URDU NOVELS / NOVELS",STP-1550,"In Stock",381,"images/Alauddin Khalji.jpg",https://www.linkshop.pk/all-books/alauddin-khalji
"Mera Aasman - میرا آسمان",,Rs.500,9789696024064,"Shafaq Iftikhar","Al Quraish Publications","NOVELS / URDU NOVELS / NOVELS",STP-1549,"In Stock",248,images/9789696024064.jpg,https://www.linkshop.pk/all-books/mera-aasman
"Mera Ishq Sofiyana - میرا عشق صوفیانہ",,Rs.400,9789695173893,"Kanwal Riaz","Ali Mian Publications","NOVELS / URDU NOVELS / NOVELS",STP-1547,"In Stock",207,images/9789695173893.jpg,https://www.linkshop.pk/all-books/mera-ishq-sofiyana
"Raah-e-Yar Teri Barishen",,Rs.500,,"Kubra Naveed","Ilm-o-Irfan Publishers","NOVELS / URDU NOVELS / NOVELS",STP-1546,"In Stock",224,"images/Raah-e-Yar Teri Barishen.jpg",https://www.linkshop.pk/all-books/raah-e-yar-teri-barishen
"Nuskha Haye Wafa",,"Rs.1,000",,"Faiz Ahmed Faiz",Maktaba-e-Karvan,"NOVELS / URDU NOVELS / URDU POETRY",STP-1545,"In Stock",704,"images/Nuskha Haye Wafa.jpg",https://www.linkshop.pk/all-books/nuskha-haye-wafa
"Bayan-ul-Quran By Dr. Israr Ahmed",,"Rs.3,625",,"Dr. Israr Ahmed",,"NOVELS / URDU NOVELS / ISLAM",STP-1544,"In Stock",,"images/Bayan-ul-Quran By Dr. Israr Ahmed.jpg",https://www.linkshop.pk/all-books/bayan-ul-quran
"Aakhir Kyon - آخر کیوں",,Rs.475,9789694963594,"Rauf Klasra","Dost Publications","NOVELS / URDU NOVELS / OTHER BOOKS",STP-1543,"In Stock",335,images/9789694963594.jpg,https://www.linkshop.pk/all-books/akhir-kyon
"Goongay Dukh - گونگے دکھ",,Rs.700,,"Iqbal Bano","Gul Quraish Publications","NOVELS / URDU NOVELS / NOVELS",STP-1542,"In Stock",552,"images/Goongay Dukh - گونگے دکھ.jpg",https://www.linkshop.pk/all-books/goongay-dukh
"Wadi-e-Gumaan Main",,Rs.300,9789695082256,"Rahim Gul","Rabia Book House","NOVELS / URDU NOVELS / NOVELS",STP-1541,"In Stock",224,images/9789695082256.jpg,https://www.linkshop.pk/all-books/wadi-e-gumaan-main
"Such To Yeah Hai - سچ تو یہ ہے",,Rs.995,9789690025555,"Chaudhry Shujaat Hussain","Ferozsons (Pvt) LTD","NOVELS / URDU NOVELS / BIOGRAPHY",STP-1540,"In Stock",328,images/9789690025555.jpg,https://www.linkshop.pk/all-books/such-to-yeah-hai
"Surkh Dhagay Ka Rishta",,Rs.600,9789696620914,"Amrita Pritam","Book Corner Showroom","NOVELS / URDU NOVELS / BIOGRAPHY",STP-1539,"In Stock",228,images/9789696620914.jpg,https://www.linkshop.pk/all-books/surkh-dhagay-ka-rishta
"Bay Panah Shadmani Ki Mumlikat",,Rs.800,9789696480228,"Arundhati Roy",Aaj,"NOVELS / URDU NOVELS / NOVELS",STP-1538,"In Stock",466,images/9789696480228.jpg,https://www.linkshop.pk/all-books/bay-panah-shadmani-ki-mumlikat
"Meri Jadojehad - میری جدوجہد",,Rs.999,978969662723,"Adolf Hitler","Book Corner Showroom","NOVELS / URDU NOVELS / BIOGRAPHY",STP-1537,"In Stock",424,images/978969662723.jpg,https://www.linkshop.pk/all-books/meri-jadojehad
"Jis Rizq Aati Ho Parwaz Mein Kotahi",,Rs.990,,"Ayub Khan","Sang-e-Meel Publications","NOVELS / URDU NOVELS / BIOGRAPHY",STP-1536,"In Stock",296+21,"images/Jis Rizq Aati Ho Parwaz Mein Kotahi.jpg",https://www.linkshop.pk/all-books/jis-rizq-aati-ho-parwaz-mein-kotahi
"Saltanat - سلطنت",,Rs.300,,"Tayyaba Hashmi","Ilm-o-Irfan Publishers","NOVELS / URDU NOVELS / NOVELS",STP-1535,"In Stock",160,"images/Saltanat - سلطنت.jpg",https://www.linkshop.pk/all-books/saltanat
"Ameer Bap Gareeb Baap",,Rs.400,,,"7th Sky Publications","NOVELS / URDU NOVELS / SELF-MOTIVATION",STP-1534,"In Stock",240,"images/Ameer Bap Gareeb Baap.jpg",https://www.linkshop.pk/all-books/rich-dad-poor-dad
"Keemiya-e Saadat",,"Rs.1,000",,,"Maktaba Rehmania","NOVELS / URDU NOVELS / ISLAM",STP-1533,"In Stock",884,"images/Keemiya-e Saadat.jpg",https://www.linkshop.pk/all-books/keemiya-e-saadat
"Tariq Bin Ziyad - طارق بن زیاد",,Rs.480,,,"Book Corner Showroom","NOVELS / URDU NOVELS / BIOGRAPHY",STP-1532,"In Stock",357,"images/Tariq Bin Ziyad - طارق بن زیاد.jpg",https://www.linkshop.pk/all-books/tariq-bin-ziyad
"Cofee House",,Rs.450,9693524144,"Irfan Javed","Sang-e-Meel Publications","NOVELS / URDU NOVELS / SHORT STORIES",STP-1531,"In Stock",216,images/9693524144.jpg,https://www.linkshop.pk/all-books/cofee-house
"Ishtiaq Ahmad Pack - 3",,Rs.700,,"Ishtiaq Ahmad","Bachon Ka Kitab Ghar","NOVELS / URDU NOVELS / CHILDREN BOOKS",STP-1530,"In Stock",,"images/Ishtiaq Ahmad Pack - 3.jpg",https://www.linkshop.pk/all-books/ishtiaq-ahmad-pack-3
"Jin Boss - جن باس",,Rs.400,,"Ishtiaq Ahmad","Bachon Ka Kitab Ghar","NOVELS / URDU NOVELS / CHILDREN BOOKS",STP-1529,"In Stock",394,"images/Jin Boss - جن باس.jpg",https://www.linkshop.pk/all-books/jin-boss
"Jahan-e-Deeda ( بیس ملکوں کا سفر )",,Rs.950,,"Mufti Muhammad Taqi Usmani","Quranic Studies Publishers","NOVELS / URDU NOVELS / TRAVELOGUE (SAFARNAMA)",STP-1528,"In Stock",643,"images/Jahan-e-Deeda ( بیس ملکوں کا سفر ).jpg",https://www.linkshop.pk/all-books/jahan-e-deeda
"Duniya Mere Aagay",,Rs.800,,"Mufti Muhammad Taqi Usmani","Quranic Studies Publishers","NOVELS / URDU NOVELS / TRAVELOGUE (SAFARNAMA)",STP-1527,"In Stock",377,"images/Duniya Mere Aagay.jpg",https://www.linkshop.pk/all-books/duniya-mere-aagay
"Safar Dar Safar By Mufti Muhammad Taqi Usmani",,Rs.800,,"Mufti Muhammad Taqi Usmani","Quranic Studies Publishers","NOVELS / URDU NOVELS / TRAVELOGUE (SAFARNAMA)",STP-1526,"In Stock",375,"images/Safar Dar Safar By Mufti Muhammad Taqi Usmani.jpg",https://www.linkshop.pk/all-books/safar-dar-safar-by-mufti-muhammad-taqi-usmani
"Hazrat Umer Bin Abdul Aziz (R.A)",,Rs.480,9789699396168,,"Book Corner Showroom","NOVELS / URDU NOVELS / ISLAM",STP-1498,"In Stock",405,images/9789699396168.jpg,https://www.linkshop.pk/all-books/hazrat-umer-bin-abdul-aziz-r-a
"The Alchemist - الکیمسٹ",,Rs.300,,"Paulo Coelho","City Book Point","NOVELS / URDU NOVELS / NOVELS",STP-1525,"In Stock",143,"images/The Alchemist - الکیمسٹ.jpg",https://www.linkshop.pk/all-books/the-alchemist
"The Aleph - الف",,Rs.350,,"Paulo Coelho","City Book Point","NOVELS / URDU NOVELS / NOVELS",STP-1524,"In Stock",208,"images/The Aleph - الف.jpg",https://www.linkshop.pk/all-books/the-aleph
"The Zahir - الظاہر",,Rs.400,,"Paulo Coelho","City Book Point","NOVELS / URDU NOVELS / NOVELS",STP-1523,"In Stock",223,"images/The Zahir - الظاہر.jpg",https://www.linkshop.pk/all-books/the-zahir
"Sawaneh Maulana Room",,Rs.700,9789699396977,,"Book Corner Showroom","NOVELS / URDU NOVELS / SUFISM",STP-1522,"In Stock",224,images/9789699396977.jpg,https://www.linkshop.pk/all-books/sawaneh-maulana-room
"Noureen - نورین",,Rs.900,9693523881,"Razia Butt","Sang-e-Meel Publications","NOVELS / URDU NOVELS / NOVELS",STP-1521,"In Stock",392,images/9693523881.jpg,https://www.linkshop.pk/all-books/noureen
"Mera Bhai - میرا بھائی",,Rs.300,9789695031994,"Fatima Jinnah","Al-Faisal Publisher","NOVELS / URDU NOVELS / BIOGRAPHY",STP-1520,"In Stock",112,images/9789695031994.jpg,https://www.linkshop.pk/all-books/mera-bhai
"Koi Lamha Gulab Ho",,Rs.500,,"Nighat Abdullah","Khwaateen Digest","NOVELS / URDU NOVELS / NOVELS",STP-1519,"In Stock",552,"images/Koi Lamha Gulab Ho.jpg",https://www.linkshop.pk/all-books/koi-lamha-gulab-ho
"Wo Khabti Si Deewani Si",,Rs.600,,"Asia Saleem Qureshi","Khwaateen Digest","NOVELS / URDU NOVELS / NOVELS",STP-1518,"In Stock",568,"images/Wo Khabti Si Deewani Si.jpg",https://www.linkshop.pk/all-books/wo-khabti-si-deewani-si
"Paraao (Talqeen Shah)",,Rs.900,9693519108,"Ashfaq Ahmad","Sang-e-Meel Publications","NOVELS / URDU NOVELS / DRAMA",STP-660,"In Stock",296,images/9693519108.jpg,https://www.linkshop.pk/all-books/paraao-talqeen-shah
"Diary of a Vagabond",,Rs.900,9693530616,"Mustansar Hussain Tarar","Sang-e-Meel Publications","NOVELS / URDU NOVELS / ENGLISH",STP-1516,"In Stock",288,images/9693530616.jpg,https://www.linkshop.pk/all-books/diary-of-a-vagabond
"Sophie's World (Urdu Translation)",,Rs.450,,,"City Book Point","NOVELS / URDU NOVELS / NOVELS",STP-1515,"In Stock",288,"images/Sophie's World (Urdu Translation).jpg",https://www.linkshop.pk/all-books/sophie-s-world
"Gehma Gehmi - گہما گہمی",,Rs.375,9695037232,"Mumtaz Mufti","Al-Faisal Publisher","NOVELS / URDU NOVELS / SHORT STORIES",STP-1514,"In Stock",192,images/9695037232.jpg,https://www.linkshop.pk/all-books/gehma-gehmi
"Commando Series - کمانڈو سیریز",,"Rs.4,200",,"A. Hameed","Maqbool Academy","NOVELS / URDU NOVELS / NOVELS",STP-1513,"In Stock",,"images/Commando Series - کمانڈو سیریز.jpg",https://www.linkshop.pk/all-books/commando-series
"Mehman Saray - مہمانسرائے",,Rs.400,9693505921,"Ashfaq Ahmad","Sang-e-Meel Publications","NOVELS / URDU NOVELS / DRAMA",STP-1512,"In Stock",215,images/9693505921.jpg,https://www.linkshop.pk/all-books/mehman-saray
"Hairat Kadah - حیرت کدہ",,Rs.700,9693505964,"Ashfaq Ahmad","Sang-e-Meel Publications","NOVELS / URDU NOVELS / DRAMA",STP-1511,"In Stock",319,images/9693505964.jpg,https://www.linkshop.pk/all-books/hairat-kadah
"Vidaa-e-Jung - وداع جنگ",,Rs.500,9693511654,"Ashfaq Ahmad","Sang-e-Meel Publications","NOVELS / URDU NOVELS / NOVELS",STP-1510,"In Stock",352,images/9693511654.jpg,https://www.linkshop.pk/all-books/vidaa-e-jung
"Daughter Of East Urdu Translation",,"Rs.1,200",,"Benazir Bhutto","Book Home","NOVELS / URDU NOVELS / BIOGRAPHY",STP-1509,"In Stock",472,"images/Daughter Of East Urdu Translation.jpg",https://www.linkshop.pk/all-books/daughter-of-east-urdu-translation
"God and Love",,Rs.500,,"Hashim Nadeem","Ilm-o-Irfan Publishers","NOVELS / URDU NOVELS / NOVELS",STP-1508,"In Stock",272,"images/God and Love.jpg",https://www.linkshop.pk/all-books/god-and-love
"Zinda Sadiyan - زندہ صدیاں",,Rs.750,9789696021773,"M A Rahat","Al Quraish Publications","NOVELS / URDU NOVELS / NOVELS",STP-1507,"In Stock",381,images/9789696021773.jpg,https://www.linkshop.pk/all-books/zinda-sadiyan
"Encyclopedia Career - انسائیکلوپیڈیا کیریر",,Rs.700,,"Qasim Ali Shah","Qasim Ali Shah Foundation","NOVELS / URDU NOVELS / SELF-MOTIVATION",STP-1506,"In Stock",328,"images/Encyclopedia Career - انسائیکلوپیڈیا کیریر.jpg",https://www.linkshop.pk/all-books/encyclopedia-career
"Dunya Gol Hai - دنیا گول ہے",,Rs.600,,Ibn-e-Insha,"Lahore Academy","NOVELS / URDU NOVELS / TRAVELOGUE (SAFARNAMA)",STP-1505,"In Stock",362,"images/Dunya Gol Hai - دنیا گول ہے.jpg",https://www.linkshop.pk/all-books/dunya-gol-hai
"Masbat Soch Kay Samrat",,Rs.400,,,"7th Sky Publications","NOVELS / URDU NOVELS / SELF-MOTIVATION",STP-1502,"In Stock",224,"images/Masbat Soch Kay Samrat.jpg",https://www.linkshop.pk/all-books/masbat-soch-kay-samrat
"Zarguzasht - زرگزشت",,Rs.750,9789695730515,"Mushtaq Ahmad Yusufi","Jahangir Publisher","NOVELS / URDU NOVELS / HUMOUR (MAZAH)",STP-1501,"In Stock",263,images/9789695730515.jpg,https://www.linkshop.pk/all-books/zarguzasht
"Watan Ki Beti",,"Rs.1,200",9693507401,"Razia Butt","Sang-e-Meel Publications","NOVELS / URDU NOVELS / NOVELS",STP-1500,"In Stock",582,images/9693507401.jpg,https://www.linkshop.pk/all-books/watan-ki-beti
"Hazrat Rabia Basri (R.A)",,Rs.600,,,"Book Corner Showroom","NOVELS / URDU NOVELS / ISLAM",STP-1499,"In Stock",572,"images/Hazrat Rabia Basri (R.A).jpg",https://www.linkshop.pk/all-books/hazrat-rabia-basri-r-a
"When Life Begins",,Rs.300,9789699807022,"Abu Yahya","Inzaar Publications","NOVELS / URDU NOVELS / ISLAM",STP-1497,"In Stock",256,images/9789699807022.jpg,https://www.linkshop.pk/all-books/when-life-begins
"Mulaqat - ملاقات",,Rs.300,,"Abu Yahya","Inzaar Publications","NOVELS / URDU NOVELS / ISLAM",STP-1496,"In Stock",238,"images/Mulaqat - ملاقات.jpg",https://www.linkshop.pk/all-books/mulaqat
"Bas Yehi Dil",,Rs.300,,"Abu Yahya","Inzaar Publications","NOVELS / URDU NOVELS / ISLAM",STP-1495,"In Stock",256,"images/Bas Yehi Dil.jpg",https://www.linkshop.pk/all-books/bas-yehi-dil
"Teesri Roshni",,Rs.300,,"Abu Yahya","Inzaar Publications","NOVELS / URDU NOVELS / ISLAM",STP-1494,"In Stock",157,"images/Teesri Roshni.jpg",https://www.linkshop.pk/all-books/teesri-roshni
"Rapunzel - راپنزل",,"Rs.1,000",9789696023890,"Tanzeela Riaz","Al Quraish Publications","NOVELS / URDU NOVELS / NOVELS",STP-1493,"In Stock",519,images/9789696023890.jpg,https://www.linkshop.pk/all-books/rapunzel
"Imran Series - Set 1",,Rs.900,,"Mazhar Kaleem M A","Yousuf Brothers","NOVELS / URDU NOVELS / NOVELS",STP-1492,"In Stock",,"images/Imran Series - Set 1.jpg",https://www.linkshop.pk/all-books/imran-series-set-1
"Adbi Behtkhien",,"Rs.1,200",9693530977,"Dr. Inamul Haq Javed","Sang-e-Meel Publications","NOVELS / URDU NOVELS / URDU ADAB",STP-1491,"In Stock",520,images/9693530977.jpg,https://www.linkshop.pk/all-books/adbi-behtkhien
"Kirnain - کرنیں",,Rs.500,9693512200,Shafiq-ur-Rehman,"Sang-e-Meel Publications","NOVELS / URDU NOVELS / HUMOUR (MAZAH)",STP-1490,"In Stock",144,images/9693512200.jpg,https://www.linkshop.pk/all-books/kirnain
"Parwaz By Shafiq-ur-Rehman",,Rs.600,9693512243,Shafiq-ur-Rehman,"Sang-e-Meel Publications","NOVELS / URDU NOVELS / HUMOUR (MAZAH)",STP-1489,"In Stock",176,images/9693512243.jpg,https://www.linkshop.pk/all-books/parwaz-by-shafiq-ur-rehman
"Dajla - دجلہ",,Rs.700,9693512294,Shafiq-ur-Rehman,"Sang-e-Meel Publications","NOVELS / URDU NOVELS / HUMOUR (MAZAH)",STP-1488,"In Stock",304,images/9693512294.jpg,https://www.linkshop.pk/all-books/dajla
"Pachtaway - پچھتاوے",,Rs.400,969351226X,Shafiq-ur-Rehman,"Sang-e-Meel Publications","NOVELS / URDU NOVELS / HUMOUR (MAZAH)",STP-1487,"In Stock",144,images/969351226X.jpg,https://www.linkshop.pk/all-books/pachtaway
"Mado Jazar - مدو جزر",,Rs.500,9693512235,Shafiq-ur-Rehman,"Sang-e-Meel Publications","NOVELS / URDU NOVELS / HUMOUR (MAZAH)",STP-1486,"In Stock",128,images/9693512235.jpg,https://www.linkshop.pk/all-books/mado-jazar
"Darichy - دریچے",,Rs.350,9693512308,Shafiq-ur-Rehman,"Sang-e-Meel Publications","NOVELS / URDU NOVELS / HUMOUR (MAZAH)",STP-1485,"In Stock",160,images/9693512308.jpg,https://www.linkshop.pk/all-books/darichy
"Lehrain - لہریں",,Rs.500,9693512227,Shafiq-ur-Rehman,"Sang-e-Meel Publications","NOVELS / URDU NOVELS / HUMOUR (MAZAH)",STP-1484,"In Stock",151,images/9693512227.jpg,https://www.linkshop.pk/all-books/lehrain
"Kulyat Habib Jalib",,Rs.600,,"Habib Jalib","Tahir Sons","NOVELS / URDU NOVELS / URDU POETRY",STP-1483,"In Stock",480,"images/Kulyat Habib Jalib.jpg",https://www.linkshop.pk/all-books/kulyat-habib-jalib
"Hisab-e-Dil Rehne Do",,Rs.400,,"Nabila Aziz","Khwaateen Digest","NOVELS / URDU NOVELS / NOVELS",STP-1482,"In Stock",302,"images/Hisab-e-Dil Rehne Do.jpg",https://www.linkshop.pk/all-books/hisab-e-dil-rehne-do
Fazail-e-Sadqaat,,Rs.600,,,,"NOVELS / URDU NOVELS / ISLAM",STP-1481,"In Stock",648,images/Fazail-e-Sadqaat.jpg,https://www.linkshop.pk/all-books/fazail-e-sadqaat
"Saqafat Ki Talash",,Rs.300,9789695733066,"Naseem Hijazi","Jahangir Publisher","NOVELS / URDU NOVELS / HUMOUR (MAZAH)",STP-1479,"In Stock",124,images/9789695733066.jpg,https://www.linkshop.pk/all-books/saqafat-ki-talash
"Sufaid Jazeera - سفید جزیرہ",,Rs.399,,"Naseem Hijazi","Jahangir Publisher","NOVELS / URDU NOVELS / HUMOUR (MAZAH)",STP-1480,"In Stock",288,"images/Sufaid Jazeera - سفید جزیرہ.jpg",https://www.linkshop.pk/all-books/sufaid-jazeera
"So Saal Baad",,Rs.250,,"Naseem Hijazi","Jahangir Publisher","NOVELS / URDU NOVELS / HUMOUR (MAZAH)",STP-1479,"In Stock",143,"images/So Saal Baad.jpg",https://www.linkshop.pk/all-books/so-saal-baad
"Insaan Aur Devta",,Rs.499,,"Naseem Hijazi","Jahangir Publisher","NOVELS / URDU NOVELS / NOVELS",STP-1478,"In Stock",407,"images/Insaan Aur Devta.jpg",https://www.linkshop.pk/all-books/insaan-aur-devta
"Fazail-e-Amaal - فضائل اعمال",,"Rs.1,000",,,"Maktaba Rehmania","NOVELS / URDU NOVELS / ISLAM",STP-1477,"In Stock",864,"images/Fazail-e-Amaal - فضائل اعمال.jpg",https://www.linkshop.pk/all-books/fazail-e-amaal
"Maloomat-e-Insan Aur Quran",,Rs.450,9789697083992,"Qayyum Nizami","Jahangir Publisher","NOVELS / URDU NOVELS / ISLAM",STP-1476,"In Stock",351,images/9789697083992.jpg,https://www.linkshop.pk/all-books/maloomat-e-insan-aur-quran
"Rasool Allah (s.a.w) Ki Batain",,Rs.300,,"Ishtiaq Ahmad","Bachon Ka Kitab Ghar","NOVELS / URDU NOVELS / CHILDREN BOOKS",STP-1475,"In Stock",128,"images/Rasool Allah (s.a.w) Ki Batain.jpg",https://www.linkshop.pk/all-books/rasool-allah-s-a-w-ki-batain
"Ar-Raheeq Al-Makhtum",,Rs.700,,,,"NOVELS / URDU NOVELS / ISLAM",STP-1474,"In Stock",656,"images/Ar-Raheeq Al-Makhtum.jpg",https://www.linkshop.pk/all-books/ar-raheeq-al-makhtum
"Nahjul Balagha (Urdu)",,Rs.700,,,"Romail Publications","NOVELS / URDU NOVELS / ISLAM",STP-1473,"In Stock",496,"images/Nahjul Balagha (Urdu).jpg",https://www.linkshop.pk/all-books/nahjul-balagha
"Insane Tamasha - انسانی تماشہ",,Rs.400,9693512286,Shafiq-ur-Rehman,"Sang-e-Meel Publications","NOVELS / URDU NOVELS / NOVELS",STP-1470,"In Stock",188,images/9693512286.jpg,https://www.linkshop.pk/all-books/insane-tamasha
"Diwan Series",,"Rs.1,400",,,"Romail Publications","NOVELS / URDU NOVELS / URDU POETRY",STP-1469,"In Stock","160 Per Book","images/Diwan Series.jpg",https://www.linkshop.pk/all-books/diwan-series
"Chahatain Kesi",,Rs.700,9693504704,"Razia Butt","Sang-e-Meel Publications","NOVELS / URDU NOVELS / SHORT STORIES",STP-1467,"In Stock",320,images/9693504704.jpg,https://www.linkshop.pk/all-books/chahatain-kesi
"Tohfa - تحفہ",,Rs.600,9693512456,"Razia Butt","Sang-e-Meel Publications","NOVELS / URDU NOVELS / SHORT STORIES",STP-1466,"In Stock",271,images/9693512456.jpg,https://www.linkshop.pk/all-books/tohfa
"Adhi Kahani - آدھی کہانی",,Rs.700,9693512359,"Razia Butt","Sang-e-Meel Publications","NOVELS / URDU NOVELS / SHORT STORIES",STP-1465,"In Stock",304,images/9693512359.jpg,https://www.linkshop.pk/all-books/adhi-kahani
"Lafzo Kay Bhed - لفظوں کے بھید",,Rs.600,9789695172568,"Wajiha Sehar","Ali Mian Publications","NOVELS / URDU NOVELS / NOVELS",STP-1464,"In Stock",254,images/9789695172568.jpg,https://www.linkshop.pk/all-books/lafzo-kay-bhed
"Hazrat Khalid Bin Waleed (R.A)",,Rs.600,,,"Book Corner Showroom","NOVELS / URDU NOVELS / ISLAM",STP-1463,"In Stock",527,"images/Hazrat Khalid Bin Waleed (R.A).jpg",https://www.linkshop.pk/all-books/hazrat-khalid-bin-waleed-r-a
"Jab Dil Milay - جب دل ملے",,Rs.700,,"Neelam Riyasat","Ilm-o-Irfan Publishers","NOVELS / URDU NOVELS / NOVELS",STP-1462,"In Stock",368,"images/Jab Dil Milay - جب دل ملے.jpg",https://www.linkshop.pk/all-books/jab-dil-milay
"Pakistan Ki Lok Dastanain",,Rs.600,9789696620952,,"Book Corner Showroom","NOVELS / URDU NOVELS / BIOGRAPHY",STP-1461,"In Stock",408,images/9789696620952.jpg,https://www.linkshop.pk/all-books/pakistan-ki-lok-dastanain
"Alif Laila",,Rs.900,9769692317306,"Ratan Nath Sarshar","Nigarshat Publishers","NOVELS / URDU NOVELS / NOVELS",STP-1460,"In Stock",544,images/9769692317306.jpg,https://www.linkshop.pk/all-books/alif-laila
"Mohabbat Zeest Ka Hasil",,Rs.600,,"Reema Noor Rizwan","Ilm-o-Irfan Publishers","NOVELS / URDU NOVELS / NOVELS",STP-1459,"In Stock",256,"images/Mohabbat Zeest Ka Hasil.jpg",https://www.linkshop.pk/all-books/mohabbat-zeest-ka-hasil
"Mere Khawab Reza Reza",,Rs.600,,"Maha Malik","Ilm-o-Irfan Publishers","NOVELS / URDU NOVELS / NOVELS",STP-1458,"In Stock",360,"images/Mere Khawab Reza Reza.jpg",https://www.linkshop.pk/all-books/mere-khawab-reza-reza
"Parwaz - پرواز",,Rs.600,9693502639,"Mustansar Hussain Tarar","Sang-e-Meel Publications","NOVELS / URDU NOVELS / DRAMA",STP-1456,"In Stock",208,images/9693502639.jpg,https://www.linkshop.pk/all-books/parwaz-by-mustansar-hussain-tarar
"Mahir-e-Nafsiyat Ki Diary",,Rs.400,,"Sabir Chaudhary","Ilm-o-Irfan Publishers","NOVELS / URDU NOVELS / SELF-MOTIVATION",STP-1455,"In Stock",208,"images/Mahir-e-Nafsiyat Ki Diary.jpg",https://www.linkshop.pk/all-books/mahir-e-nafsiyat-ki-diary
"Ishtiaq Ahmad Pack - 2",,Rs.800,,"Ishtiaq Ahmad","Bachon Ka Kitab Ghar","NOVELS / URDU NOVELS / CHILDREN BOOKS",STP-1454,"In Stock",,"images/Ishtiaq Ahmad Pack - 2.jpg",https://www.linkshop.pk/all-books/ishtiaq-ahmad-pack-2
"Ishtiaq Ahmad Pack - 1",,Rs.600,,"Ishtiaq Ahmad","Bachon Ka Kitab Ghar","NOVELS / URDU NOVELS / CHILDREN BOOKS",STP-1453,"In Stock",,"images/Ishtiaq Ahmad Pack - 1.jpg",https://www.linkshop.pk/all-books/ishtiaq-ahmad-pack-1
"Kulyat Nasir Kazmi",,"Rs.1,299",9789696400646,"Nasir Kazmi","Ilqa Publications","NOVELS / URDU NOVELS / URDU POETRY",STP-1452,"In Stock",717,images/9789696400646.jpg,https://www.linkshop.pk/all-books/kulyat-nasir-kazmi
"Nishat-e-Khawab - نشاط خواب",,Rs.195,9789696400660,"Nasir Kazmi","Ilqa Publications","NOVELS / URDU NOVELS / URDU POETRY",STP-1451,"In Stock",132,images/9789696400660.jpg,https://www.linkshop.pk/all-books/nishat-e-khawab
"Nashaib – نشیب",,Rs.450,9693515463,"Abdullah Hussain","Sang-e-Meel Publications","NOVELS / URDU NOVELS / SHORT STORIES",STP-1450,"In Stock",311,images/9693515463.jpg,https://www.linkshop.pk/all-books/nashaib
"Zinda Rood – زندہ رُود",,"Rs.2,200",9693515609,"Dr. Javed Iqbal","Sang-e-Meel Publications","NOVELS / URDU NOVELS / BIOGRAPHY",STP-1449,"In Stock",752+96,images/9693515609.jpg,https://www.linkshop.pk/all-books/zinda-rood
"Tum Mere Sath Raho",,Rs.900,9789695173817,"Zumar Naeem","Ali Mian Publications","NOVELS / URDU NOVELS / NOVELS",STP-1448,"In Stock",479,images/9789695173817.jpg,https://www.linkshop.pk/all-books/tum-mere-sath-raho
"Lekin - لیکن",,Rs.300,,"Jon Elia","Al-Hamd Publications","NOVELS / URDU NOVELS / URDU POETRY",STP-1447,"In Stock",250,"images/Lekin - لیکن.jpg",https://www.linkshop.pk/all-books/lekin
"Shayad - شاید",,Rs.400,,"Jon Elia","Al-Hamd Publications","NOVELS / URDU NOVELS / URDU POETRY",STP-1446,"In Stock",312,"images/Shayad - شاید.jpg",https://www.linkshop.pk/all-books/shayad-jon-elia
"Gumaan - گمان",,Rs.300,,"Jon Elia","Al-Hamd Publications","NOVELS / URDU NOVELS / URDU POETRY",STP-1445,"In Stock",238,"images/Gumaan - گمان.jpg",https://www.linkshop.pk/all-books/gumaan-by-jon-elia
"Hero (Urdu Translation)",,Rs.499,,"Rhonda Byrne","Nai Soch Publications","NOVELS / URDU NOVELS / SELF-MOTIVATION",STP-1444,"In Stock",240,"images/Hero (Urdu Translation).jpg",https://www.linkshop.pk/all-books/hero-urdu-translation
"Ghungroo Toot Gaye",,"Rs.1,000",,"Qateel Shifai","Al-Hamd Publications","NOVELS / URDU NOVELS / BIOGRAPHY",STP-1443,"In Stock",667,"images/Ghungroo Toot Gaye.jpg",https://www.linkshop.pk/all-books/ghungroo-toot-gaye
"Aey Ishq Tere Hain Khail Ajab",,Rs.600,9789695173800,"Dur-e-Saman Bilal","Ali Mian Publications","NOVELS / URDU NOVELS / NOVELS",STP-1442,"In Stock",319,images/9789695173800.jpg,https://www.linkshop.pk/all-books/aey-ishq-tere-hain-khail-ajab
"Kuliyat Gheet - Rang Khushbo Roshni",,Rs.700,969352540X,"Qateel Shifai","Sang-e-Meel Publications","NOVELS / URDU NOVELS / URDU POETRY",STP-1441,"In Stock",412,images/969352540X.jpg,https://www.linkshop.pk/all-books/kuliyat-gheet-rang-khushbo-roshni
"Kuliyat Nazmain- Rang Khushbo Roshni",,"Rs.1,200",9693522370,"Qateel Shifai","Sang-e-Meel Publications","NOVELS / URDU NOVELS / URDU POETRY",STP-1440,"In Stock",728,images/9693522370.jpg,https://www.linkshop.pk/all-books/kuliyat-nazmain-rang-khushbo-roshni
"Baatein Siasat Dano Ki",,"Rs.1,200",9789699007132,"Zia Shahid","Qalam Foundation","NOVELS / URDU NOVELS / OTHER BOOKS",STP-1439,"In Stock",421,images/9789699007132.jpg,https://www.linkshop.pk/all-books/baatein-siasat-dano-ki
"Majmoa Khadija Mastoor",,"Rs.2,500",9693520904,"Khadija Mastoor","Sang-e-Meel Publications","NOVELS / URDU NOVELS / NOVELS",STP-1438,"In Stock",798,images/9693520904.jpg,https://www.linkshop.pk/all-books/majmoa-khadija-mastoor
"Bin Mangi Dua",,"Rs.1,000",9789696022992,"Iffat Sehar Tahir","Al Quraish Publications","NOVELS / URDU NOVELS / NOVELS",STP-683,"In Stock",504,images/9789696022992.jpg,https://www.linkshop.pk/all-books/bin-mangi-dua
"Alif Allah Aur Insan",,"Rs.1,000",,"Qaisra Hayat","Al Hayat Books &amp; Publications","NOVELS / URDU NOVELS / NOVELS",STP-618,"In Stock",,"images/Alif Allah Aur Insan.jpg",https://www.linkshop.pk/all-books/alif-allah-aur-insan
"K2 Kahani",,Rs.900,9693505239,"Mustansar Hussain Tarar","Sang-e-Meel Publications","NOVELS / URDU NOVELS / TRAVELOGUE (SAFARNAMA)",STP-566,"In Stock",429,images/9693505239.jpg,https://www.linkshop.pk/all-books/k-2-kahani
"Amar Bail By Bano Qudsia",,Rs.600,9693500857,"Bano Qudsia","Sang-e-Meel Publications","NOVELS / URDU NOVELS / SHORT STORIES",STP-670,"In Stock",247,images/9693500857.jpg,https://www.linkshop.pk/all-books/amar-bail-by-bano-qudsia
"Khushboo Ka Darya - خوشبو کا دریا",,Rs.300,,"Riffat Siraj","Khazina Ilm-o-Adab","NOVELS / URDU NOVELS / SHORT STORIES",STP-1683,"In Stock",336,"images/Khushboo Ka Darya - خوشبو کا دریا.jpg",https://www.linkshop.pk/all-books/khushboo-ka-darya
"Pazaib - پازیب",,Rs.600,,"M A Rahat","Al Quraish Publications","NOVELS / URDU NOVELS / NOVELS",STP-1674,"In Stock",760,"images/Pazaib - پازیب.jpg",https://www.linkshop.pk/all-books/pazaib
"Bazar-e-Hayat - بازار حیات",,Rs.500,9693520882,"Ahmad Nadeem Qasmi","Sang-e-Meel Publications","NOVELS / URDU NOVELS / SHORT STORIES",STP-1671,"In Stock",206,images/9693520882.jpg,https://www.linkshop.pk/all-books/bazar-e-hayat
"Hussain Bin Mansoor Hallaj - حسین بن منصور حلاج",,"Rs.2,600",9693521684,,"Sang-e-Meel Publications","NOVELS / URDU NOVELS / BIOGRAPHY",STP-1670,"In Stock",750,images/9693521684.jpg,https://www.linkshop.pk/all-books/hussain-bin%20mansoor-hallaj
"Surkhaab - سرخاب",,Rs.900,9693531469,"Irfan Javed","Sang-e-Meel Publications","NOVELS / URDU NOVELS / URDU ADAB",STP-1616,"In Stock",248,images/9693531469.jpg,https://www.linkshop.pk/all-books/surkhaab
"Pluto - پلوٹو",,Rs.700,9693528034,Gulzar,"Sang-e-Meel Publications","NOVELS / URDU NOVELS / URDU POETRY",STP-1598,"In Stock",143,images/9693528034.jpg,https://www.linkshop.pk/all-books/pluto
